SectionLabel,Leg,Site,Hole,Core,Type,Section,LL(m),CL(m),Top(mbsf),Comment,CoreLabel,Bottom(mbsf),Top(mcd),Bottom(mcd),Filename
1313B_1H1,306,1313,B,1,H,1,1.5,1.5,0.0,,1313B_1,1.5,0.0,1.5595794392523363,1313b_001h_01.jpg
1313B_1H2,306,1313,B,1,H,2,1.5,1.5,1.5,,1313B_1,3.0,1.5595794392523363,3.1191588785046727,1313b_001h_02.jpg
1313B_1H3,306,1313,B,1,H,3,1.5,1.5,3.0,,1313B_1,4.5,3.1191588785046727,4.678738317757009,1313b_001h_03.jpg
1313C_2H1,306,1313,C,2,H,1,1.5,1.5,2.7,,1313C_2,4.2,3.130000000000001,4.630000000000001,1313c_002h_01.jpg
1313C_2H2,306,1313,C,2,H,2,1.5,1.5,4.2,,1313C_2,5.7,4.630000000000001,6.130000000000001,1313c_002h_02.jpg
1313C_2H3,306,1313,C,2,H,3,1.5,1.5,5.7,,1313C_2,7.2,6.130000000000001,7.630000000000002,1313c_002h_03.jpg
1313C_2H4,306,1313,C,2,H,4,1.5,1.5,7.2,,1313C_2,8.7,7.630000000000002,9.13,1313c_002h_04.jpg
1313C_2H5,306,1313,C,2,H,5,1.5,1.5,8.7,,1313C_2,10.2,9.13,10.630000000000003,1313c_002h_05.jpg
1313C_2H6,306,1313,C,2,H,6,1.5,1.5,10.2,,1313C_2,11.7,10.630000000000003,12.130000000000003,1313c_002h_06.jpg
1313B_2H3,306,1313,B,2,H,3,1.5,1.5,8.9,,1313B_2,10.4,10.660000000000002,12.160000000000002,1313b_002h_03.jpg
1313B_2H4,306,1313,B,2,H,4,1.5,1.5,10.4,,1313B_2,11.9,12.160000000000002,13.660000000000002,1313b_002h_04.jpg
1313B_2H5,306,1313,B,2,H,5,1.5,1.5,11.9,,1313B_2,13.4,13.660000000000002,15.160000000000002,1313b_002h_05.jpg
1313B_2H6,306,1313,B,2,H,6,1.5,1.5,13.4,,1313B_2,14.9,15.160000000000002,16.660000000000004,1313b_002h_06.jpg
1313C_3H2,306,1313,C,3,H,2,1.5,1.5,13.7,,1313C_3,15.2,15.14,16.64,1313c_003h_02.jpg
1313C_3H3,306,1313,C,3,H,3,1.5,1.5,15.2,,1313C_3,16.7,16.64,18.14,1313c_003h_03.jpg
1313C_3H4,306,1313,C,3,H,4,1.5,1.5,16.7,,1313C_3,18.2,18.14,19.639999999999997,1313c_003h_04.jpg
1313C_3H5,306,1313,C,3,H,5,1.5,1.5,18.2,,1313C_3,19.7,19.639999999999997,21.139999999999997,1313c_003h_05.jpg
1313C_3H6,306,1313,C,3,H,6,1.5,1.5,19.7,,1313C_3,21.2,21.139999999999997,22.639999999999997,1313c_003h_06.jpg
1313B_3H3,306,1313,B,3,H,3,1.5,1.5,18.4,,1313B_3,19.9,21.099999999999998,22.599999999999998,1313b_003h_03.jpg
1313B_3H4,306,1313,B,3,H,4,1.5,1.5,19.9,,1313B_3,21.4,22.599999999999998,24.1,1313b_003h_04.jpg
1313B_3H5,306,1313,B,3,H,5,1.5,1.5,21.4,,1313B_3,22.9,24.1,25.6,1313b_003h_05.jpg
1313B_3H6,306,1313,B,3,H,6,1.0,1.0,22.9,,1313B_3,23.9,25.6,26.6,1313b_003h_06.jpg
1313C_4H2,306,1313,C,4,H,2,1.5,1.5,23.2,,1313C_4,24.7,26.0,27.5,1313c_004h_02.jpg
1313C_4H3,306,1313,C,4,H,3,1.5,1.5,24.7,,1313C_4,26.2,27.5,29.0,1313c_004h_03.jpg
1313C_4H4,306,1313,C,4,H,4,1.5,1.5,26.2,,1313C_4,27.7,29.0,30.5,1313c_004h_04.jpg
1313C_4H5,306,1313,C,4,H,5,1.5,1.5,27.7,,1313C_4,29.2,30.5,32.0,1313c_004h_05.jpg
1313B_4H2,306,1313,B,4,H,2,1.5,1.5,26.4,,1313B_4,27.9,30.95,32.449999999999996,1313b_004h_02.jpg
1313B_4H3,306,1313,B,4,H,3,1.5,1.5,27.9,,1313B_4,29.4,32.449999999999996,33.949999999999996,1313b_004h_03.jpg
1313B_4H4,306,1313,B,4,H,4,1.5,1.5,29.4,,1313B_4,30.9,33.949999999999996,35.449999999999996,1313b_004h_04.jpg
1313B_4H5,306,1313,B,4,H,5,1.5,1.5,30.9,,1313B_4,32.4,35.449999999999996,36.949999999999996,1313b_004h_05.jpg
1313C_5H1,306,1313,C,5,H,1,1.5,1.5,31.2,,1313C_5,32.7,35.739999999999995,37.24,1313c_005h_01.jpg
1313C_5H2,306,1313,C,5,H,2,1.5,1.5,32.7,,1313C_5,34.2,37.24,38.74,1313c_005h_02.jpg
1313C_5H3,306,1313,C,5,H,3,1.5,1.5,34.2,,1313C_5,35.7,38.74,40.24,1313c_005h_03.jpg
1313C_5H4,306,1313,C,5,H,4,1.5,1.5,35.7,,1313C_5,37.2,40.24,41.74,1313c_005h_04.jpg
1313C_5H5,306,1313,C,5,H,5,1.5,1.5,37.2,,1313C_5,38.7,41.74,43.24,1313c_005h_05.jpg
1313C_5H6,306,1313,C,5,H,6,1.5,1.5,38.7,,1313C_5,40.2,43.24,44.74,1313c_005h_06.jpg
1313C_5H7,306,1313,C,5,H,7,0.82,0.82,40.2,,1313C_5,41.02,44.74,45.56,1313c_005h_07.jpg
1313B_5H4,306,1313,B,5,H,4,1.5,1.5,38.9,,1313B_5,40.4,45.1,46.6,1313b_005h_04.jpg
1313B_5H5,306,1313,B,5,H,5,1.5,1.5,40.4,,1313B_5,41.9,46.6,48.1,1313b_005h_05.jpg
1313B_5H6,306,1313,B,5,H,6,1.5,1.5,41.9,,1313B_5,43.4,48.1,49.6,1313b_005h_06.jpg
1313C_6H3,306,1313,C,6,H,3,1.5,1.5,43.7,,1313C_6,45.2,48.440000000000005,49.940000000000005,1313c_006h_03.jpg
1313C_6H4,306,1313,C,6,H,4,1.5,1.5,45.2,,1313C_6,46.7,49.940000000000005,51.440000000000005,1313c_006h_04.jpg
1313B_6H1,306,1313,B,6,H,1,1.5,1.5,43.9,,1313B_6,45.4,50.25,51.75,1313b_006h_01.jpg
1313B_6H2,306,1313,B,6,H,2,1.5,1.5,45.4,,1313B_6,46.9,51.75,53.25,1313b_006h_02.jpg
1313B_6H3,306,1313,B,6,H,3,1.5,1.5,46.9,,1313B_6,48.4,53.25,54.75,1313b_006h_03.jpg
1313B_6H4,306,1313,B,6,H,4,1.5,1.5,48.4,,1313B_6,49.9,54.75,56.25,1313b_006h_04.jpg
1313B_6H5,306,1313,B,6,H,5,1.5,1.5,49.9,,1313B_6,51.4,56.25,57.75,1313b_006h_05.jpg
1313B_6H6,306,1313,B,6,H,6,1.5,1.5,51.4,,1313B_6,52.9,57.75,59.25,1313b_006h_06.jpg
1313C_7H1,306,1313,C,7,H,1,1.5,1.5,50.2,,1313C_7,51.7,57.03,58.53,1313c_007h_01.jpg
1313C_7H2,306,1313,C,7,H,2,1.5,1.5,51.7,,1313C_7,53.2,58.53,60.03,1313c_007h_02.jpg
1313C_7H3,306,1313,C,7,H,3,1.5,1.5,53.2,,1313C_7,54.7,60.03,61.53,1313c_007h_03.jpg
1313C_7H4,306,1313,C,7,H,4,1.5,1.5,54.7,,1313C_7,56.2,61.53,63.03,1313c_007h_04.jpg
1313C_7H5,306,1313,C,7,H,5,1.5,1.5,56.2,,1313C_7,57.7,63.03,64.53,1313c_007h_05.jpg
1313C_7H6,306,1313,C,7,H,6,1.5,1.5,57.7,,1313C_7,59.2,64.53,66.03,1313c_007h_06.jpg
1313B_7H3,306,1313,B,7,H,3,1.5,1.5,56.4,,1313B_7,57.9,64.28999999999999,65.78999999999999,1313b_007h_03.jpg
1313B_7H4,306,1313,B,7,H,4,1.5,1.5,57.9,,1313B_7,59.4,65.78999999999999,67.28999999999999,1313b_007h_04.jpg
1313B_7H5,306,1313,B,7,H,5,1.5,1.5,59.4,,1313B_7,60.9,67.28999999999999,68.78999999999999,1313b_007h_05.jpg
1313B_7H6,306,1313,B,7,H,6,1.5,1.5,60.9,,1313B_7,62.4,68.78999999999999,70.28999999999999,1313b_007h_06.jpg
1313C_8H2,306,1313,C,8,H,2,1.5,1.5,61.2,,1313C_8,62.7,69.53,71.03,1313c_008h_02.jpg
1313C_8H3,306,1313,C,8,H,3,1.5,1.5,62.7,,1313C_8,64.2,71.03,72.53,1313c_008h_03.jpg
1313C_8H4,306,1313,C,8,H,4,1.5,1.5,64.2,,1313C_8,65.7,72.53,74.03,1313c_008h_04.jpg
1313C_8H5,306,1313,C,8,H,5,1.5,1.5,65.7,,1313C_8,67.2,74.03,75.53,1313c_008h_05.jpg
1313B_8H2,306,1313,B,8,H,2,1.5,1.5,64.4,,1313B_8,65.9,74.03,75.53,1313b_008h_02.jpg
1313B_8H3,306,1313,B,8,H,3,1.5,1.5,65.9,,1313B_8,67.4,75.53,77.03000000000002,1313b_008h_03.jpg
1313B_8H4,306,1313,B,8,H,4,1.5,1.5,67.4,,1313B_8,68.9,77.03000000000002,78.53000000000002,1313b_008h_04.jpg
1313C_9H1,306,1313,C,9,H,1,1.5,1.5,69.2,,1313C_9,70.7,77.13000000000001,78.63000000000001,1313c_009h_01.jpg
1313C_9H2,306,1313,C,9,H,2,1.5,1.5,70.7,,1313C_9,72.2,78.63000000000001,80.13000000000001,1313c_009h_02.jpg
1313C_9H3,306,1313,C,9,H,3,1.5,1.5,72.2,,1313C_9,73.7,80.13000000000001,81.63,1313c_009h_03.jpg
1313C_9H4,306,1313,C,9,H,4,1.5,1.5,73.7,,1313C_9,75.2,81.63,83.13,1313c_009h_04.jpg
1313C_9H5,306,1313,C,9,H,5,1.5,1.5,75.2,,1313C_9,76.7,83.13,84.63,1313c_009h_05.jpg
1313C_9H6,306,1313,C,9,H,6,1.5,1.5,76.7,,1313C_9,78.2,84.63,86.13,1313c_009h_06.jpg
1313B_9H2,306,1313,B,9,H,2,1.5,1.5,73.9,,1313B_9,75.4,83.97,85.47,1313b_009h_02.jpg
1313B_9H3,306,1313,B,9,H,3,1.5,1.5,75.4,,1313B_9,76.9,85.47,86.97,1313b_009h_03.jpg
1313B_9H4,306,1313,B,9,H,4,1.5,1.5,76.9,,1313B_9,78.4,86.97,88.47000000000001,1313b_009h_04.jpg
1313B_9H5,306,1313,B,9,H,5,1.5,1.5,78.4,,1313B_9,79.9,88.47000000000001,89.97000000000001,1313b_009h_05.jpg
1313B_9H6,306,1313,B,9,H,6,1.5,1.5,79.9,,1313B_9,81.4,89.97000000000001,91.47000000000001,1313b_009h_06.jpg
1313C_10H1,306,1313,C,10,H,1,1.5,1.5,78.7,,1313C_10,80.2,88.71000000000001,90.21000000000001,1313c_010h_01.jpg
1313C_10H2,306,1313,C,10,H,2,1.5,1.5,80.2,,1313C_10,81.7,90.21000000000001,91.71000000000001,1313c_010h_02.jpg
1313C_10H3,306,1313,C,10,H,3,1.5,1.5,81.7,,1313C_10,83.2,91.71000000000001,93.21000000000001,1313c_010h_03.jpg
1313C_10H4,306,1313,C,10,H,4,1.5,1.5,83.2,,1313C_10,84.7,93.21000000000001,94.71000000000001,1313c_010h_04.jpg
1313C_10H5,306,1313,C,10,H,5,1.5,1.5,84.7,,1313C_10,86.2,94.71000000000001,96.21000000000001,1313c_010h_05.jpg
1313B_10H2,306,1313,B,10,H,2,1.5,1.5,83.4,,1313B_10,84.9,94.71000000000001,96.21000000000001,1313b_010h_02.jpg
1313B_10H3,306,1313,B,10,H,3,1.5,1.5,84.9,,1313B_10,86.4,96.21000000000001,97.71000000000001,1313b_010h_03.jpg
1313B_10H4,306,1313,B,10,H,4,1.5,1.5,86.4,,1313B_10,87.9,97.71000000000001,99.21000000000001,1313b_010h_04.jpg
1313B_10H5,306,1313,B,10,H,5,1.5,1.5,87.9,,1313B_10,89.4,99.21000000000001,100.71000000000001,1313b_010h_05.jpg
1313C_11H2,306,1313,C,11,H,2,1.5,1.5,89.7,,1313C_11,91.2,100.61,102.11,1313c_011h_02.jpg
1313C_11H3,306,1313,C,11,H,3,1.5,1.5,91.2,,1313C_11,92.7,102.11,103.61,1313c_011h_03.jpg
1313C_11H4,306,1313,C,11,H,4,1.5,1.5,92.7,,1313C_11,94.2,103.61,105.11,1313c_011h_04.jpg
1313C_11H5,306,1313,C,11,H,5,1.5,1.5,94.2,,1313C_11,95.7,105.11,106.61,1313c_011h_05.jpg
1313B_11H2,306,1313,B,11,H,2,1.5,1.5,92.9,,1313B_11,94.4,104.57000000000001,106.07000000000001,1313b_011h_02.jpg
1313B_11H3,306,1313,B,11,H,3,1.5,1.5,94.4,,1313B_11,95.9,106.07000000000001,107.57000000000001,1313b_011h_03.jpg
1313B_11H4,306,1313,B,11,H,4,1.5,1.5,95.9,,1313B_11,97.4,107.57000000000001,109.07,1313b_011h_04.jpg
1313B_11H5,306,1313,B,11,H,5,1.5,1.5,97.4,,1313B_11,98.9,109.07,110.57,1313b_011h_05.jpg
1313B_11H6,306,1313,B,11,H,6,1.5,1.5,98.9,,1313B_11,100.4,110.57,112.07,1313b_011h_06.jpg
1313C_12H2,306,1313,C,12,H,2,1.5,1.5,99.2,,1313C_12,100.7,111.5,113.0,1313c_012h_02.jpg
1313C_12H3,306,1313,C,12,H,3,1.5,1.5,100.7,,1313C_12,102.2,113.0,114.5,1313c_012h_03.jpg
1313C_12H4,306,1313,C,12,H,4,1.5,1.5,102.2,,1313C_12,103.7,114.5,116.0,1313c_012h_04.jpg
1313C_12H5,306,1313,C,12,H,5,1.5,1.5,103.7,,1313C_12,105.2,116.0,117.5,1313c_012h_05.jpg
1313B_12H2,306,1313,B,12,H,2,1.5,1.5,102.4,,1313B_12,103.9,115.44000000000001,116.94000000000001,1313b_012h_02.jpg
1313B_12H3,306,1313,B,12,H,3,1.5,1.5,103.9,,1313B_12,105.4,116.94000000000001,118.44000000000001,1313b_012h_03.jpg
1313B_12H4,306,1313,B,12,H,4,1.5,1.5,105.4,,1313B_12,106.9,118.44000000000001,119.94000000000001,1313b_012h_04.jpg
1313B_12H5,306,1313,B,12,H,5,1.5,1.5,106.9,,1313B_12,108.4,119.94000000000001,121.44000000000001,1313b_012h_05.jpg
1313B_12H6,306,1313,B,12,H,6,1.5,1.5,108.4,,1313B_12,109.9,121.44000000000001,122.94000000000001,1313b_012h_06.jpg
1313C_13H2,306,1313,C,13,H,2,1.5,1.5,108.7,,1313C_13,110.2,121.30000000000003,122.80000000000001,1313c_013h_02.jpg
1313C_13H3,306,1313,C,13,H,3,1.5,1.5,110.2,,1313C_13,111.7,122.80000000000001,124.3,1313c_013h_03.jpg
1313C_13H4,306,1313,C,13,H,4,1.5,1.5,111.7,,1313C_13,113.2,124.3,125.79999999999998,1313c_013h_04.jpg
1313B_13H1,306,1313,B,13,H,1,1.5,1.5,110.4,,1313B_13,111.9,124.01,125.51,1313b_013h_01.jpg
1313B_13H2,306,1313,B,13,H,2,1.5,1.5,111.9,,1313B_13,113.4,125.51,127.01,1313b_013h_02.jpg
1313B_13H3,306,1313,B,13,H,3,1.5,1.5,113.4,,1313B_13,114.9,127.01,128.51000000000002,1313b_013h_03.jpg
1313B_13H4,306,1313,B,13,H,4,1.5,1.5,114.9,,1313B_13,116.4,128.51000000000002,130.01000000000002,1313b_013h_04.jpg
1313B_13H5,306,1313,B,13,H,5,1.5,1.5,116.4,,1313B_13,117.9,130.01000000000002,131.51000000000002,1313b_013h_05.jpg
1313B_13H6,306,1313,B,13,H,6,1.5,1.5,117.9,,1313B_13,119.4,131.51000000000002,133.01000000000002,1313b_013h_06.jpg
1313C_14H2,306,1313,C,14,H,2,1.5,1.5,118.2,,1313C_14,119.7,132.06000000000003,133.56,1313c_014h_02.jpg
1313C_14H3,306,1313,C,14,H,3,1.5,1.5,119.7,,1313C_14,121.2,133.56,135.06,1313c_014h_03.jpg
1313C_14H4,306,1313,C,14,H,4,1.5,1.5,121.2,,1313C_14,122.7,135.06,136.56,1313c_014h_04.jpg
1313C_14H5,306,1313,C,14,H,5,1.5,1.5,122.7,,1313C_14,124.2,136.56,138.05999999999997,1313c_014h_05.jpg
1313B_14H3,306,1313,B,14,H,3,1.5,1.5,122.9,,1313B_14,124.4,137.48,138.98,1313b_014h_03.jpg
1313B_14H4,306,1313,B,14,H,4,1.5,1.5,124.4,,1313B_14,125.9,138.98,140.48,1313b_014h_04.jpg
1313B_14H5,306,1313,B,14,H,5,1.5,1.5,125.9,,1313B_14,127.4,140.48,141.98,1313b_014h_05.jpg
1313C_15H1,306,1313,C,15,H,1,1.5,1.5,126.2,,1313C_15,127.7,140.66,142.16,1313c_015h_01.jpg
1313C_15H2,306,1313,C,15,H,2,1.5,1.5,127.7,,1313C_15,129.2,142.16,143.66,1313c_015h_02.jpg
1313C_15H3,306,1313,C,15,H,3,1.5,1.5,129.2,,1313C_15,130.7,143.66,145.16,1313c_015h_03.jpg
1313C_15H4,306,1313,C,15,H,4,1.5,1.5,130.7,,1313C_15,132.2,145.16,146.66,1313c_015h_04.jpg
1313C_15H5,306,1313,C,15,H,5,1.5,1.5,132.2,,1313C_15,133.7,146.66,148.16,1313c_015h_05.jpg
1313B_15H3,306,1313,B,15,H,3,1.5,1.5,132.4,,1313B_15,133.9,147.28,148.78,1313b_015h_03.jpg
1313B_15H4,306,1313,B,15,H,4,1.5,1.5,133.9,,1313B_15,135.4,148.78,150.28,1313b_015h_04.jpg
1313B_15H5,306,1313,B,15,H,5,1.5,1.5,135.4,,1313B_15,136.9,150.28,151.78,1313b_015h_05.jpg
1313B_15H6,306,1313,B,15,H,6,1.5,1.5,136.9,,1313B_15,138.4,151.78,153.28,1313b_015h_06.jpg
1313C_16H2,306,1313,C,16,H,2,1.5,1.5,137.2,,1313C_16,138.7,152.48,153.98,1313c_016h_02.jpg
1313C_16H3,306,1313,C,16,H,3,1.5,1.5,138.7,,1313C_16,140.2,153.98,155.48,1313c_016h_03.jpg
1313C_16H4,306,1313,C,16,H,4,1.5,1.5,140.2,,1313C_16,141.7,155.48,156.98,1313c_016h_04.jpg
1313C_16H5,306,1313,C,16,H,5,1.5,1.5,141.7,,1313C_16,143.2,156.98,158.48,1313c_016h_05.jpg
1313B_16H3,306,1313,B,16,H,3,1.5,1.5,141.9,,1313B_16,143.4,158.08,159.58,1313b_016h_03.jpg
1313B_16H4,306,1313,B,16,H,4,1.5,1.5,143.4,,1313B_16,144.9,159.58,161.08,1313b_016h_04.jpg
1313B_16H5,306,1313,B,16,H,5,1.5,1.5,144.9,,1313B_16,146.4,161.08,162.58,1313b_016h_05.jpg
1313B_16H6,306,1313,B,16,H,6,1.5,1.5,146.4,,1313B_16,147.9,162.58,164.08,1313b_016h_06.jpg
1313B_16H7,306,1313,B,16,H,7,0.79,0.79,147.9,,1313B_16,148.69,164.08,164.87,1313b_016h_07.jpg
1313C_17H2,306,1313,C,17,H,2,1.5,1.5,146.7,,1313C_17,148.2,163.16,164.66,1313c_017h_02.jpg
1313C_17H3,306,1313,C,17,H,3,1.5,1.5,148.2,,1313C_17,149.7,164.66,166.16,1313c_017h_03.jpg
1313C_17H4,306,1313,C,17,H,4,1.5,1.5,149.7,,1313C_17,151.2,166.16,167.66,1313c_017h_04.jpg
1313C_17H5,306,1313,C,17,H,5,1.5,1.5,151.2,,1313C_17,152.7,167.66,169.16,1313c_017h_05.jpg
1313C_17H6,306,1313,C,17,H,6,1.5,1.5,152.7,,1313C_17,154.2,169.16,170.66,1313c_017h_06.jpg
1313C_17H7,306,1313,C,17,H,7,0.79,0.79,154.2,,1313C_17,154.98999999999998,170.66,171.45,1313c_017h_07.jpg
1313B_17H4,306,1313,B,17,H,4,1.5,1.5,152.9,,1313B_17,154.4,170.11,171.61,1313b_017h_04.jpg
1313B_17H5,306,1313,B,17,H,5,1.5,1.5,154.4,,1313B_17,155.9,171.61,173.10999999999999,1313b_017h_05.jpg
1313B_17H6,306,1313,B,17,H,6,1.5,1.5,155.9,,1313B_17,157.4,173.10999999999999,174.60999999999999,1313b_017h_06.jpg
1313B_17H7,306,1313,B,17,H,7,0.78,0.78,157.4,,1313B_17,158.18,174.60999999999999,175.39,1313b_017h_07.jpg
1313C_18H2,306,1313,C,18,H,2,1.5,1.5,156.2,,1313C_18,157.7,173.80999999999997,175.30999999999997,1313c_018h_02.jpg
1313C_18H3,306,1313,C,18,H,3,1.5,1.5,157.7,,1313C_18,159.2,175.30999999999997,176.80999999999997,1313c_018h_03.jpg
1313C_18H4,306,1313,C,18,H,4,1.5,1.5,159.2,,1313C_18,160.7,176.80999999999997,178.30999999999997,1313c_018h_04.jpg
1313C_18H5,306,1313,C,18,H,5,1.5,1.5,160.7,,1313C_18,162.2,178.30999999999997,179.80999999999997,1313c_018h_05.jpg
1313B_18H2,306,1313,B,18,H,2,1.5,1.5,159.4,,1313B_18,160.9,177.66,179.16,1313b_018h_02.jpg
1313B_18H3,306,1313,B,18,H,3,1.5,1.5,160.9,,1313B_18,162.4,179.16,180.66,1313b_018h_03.jpg
1313B_18H4,306,1313,B,18,H,4,1.5,1.5,162.4,,1313B_18,163.9,180.66,182.16,1313b_018h_04.jpg
1313B_18H5,306,1313,B,18,H,5,1.5,1.5,163.9,,1313B_18,165.4,182.16,183.66,1313b_018h_05.jpg
1313B_18H6,306,1313,B,18,H,6,1.5,1.5,165.4,,1313B_18,166.9,183.66,185.16,1313b_018h_06.jpg
1313C_19H2,306,1313,C,19,H,2,1.5,1.5,165.7,,1313C_19,167.2,184.23,185.73,1313c_019h_02.jpg
1313C_19H3,306,1313,C,19,H,3,1.5,1.5,167.2,,1313C_19,168.7,185.73,187.23,1313c_019h_03.jpg
1313C_19H4,306,1313,C,19,H,4,1.5,1.5,168.7,,1313C_19,170.2,187.23,188.73,1313c_019h_04.jpg
1313C_19H5,306,1313,C,19,H,5,1.5,1.5,170.2,,1313C_19,171.7,188.73,190.23,1313c_019h_05.jpg
1313B_19H2,306,1313,B,19,H,2,1.5,1.5,168.9,,1313B_19,170.4,188.60999999999999,190.10999999999999,1313b_019h_02.jpg
1313B_19H3,306,1313,B,19,H,3,1.5,1.5,170.4,,1313B_19,171.9,190.10999999999999,191.60999999999999,1313b_019h_03.jpg
1313B_19H4,306,1313,B,19,H,4,1.5,1.5,171.9,,1313B_19,173.4,191.60999999999999,193.11,1313b_019h_04.jpg
1313B_19H5,306,1313,B,19,H,5,1.5,1.5,173.4,,1313B_19,174.9,193.11,194.61,1313b_019h_05.jpg
1313B_19H6,306,1313,B,19,H,6,1.5,1.5,174.9,,1313B_19,176.4,194.61,196.11,1313b_019h_06.jpg
1313C_20H2,306,1313,C,20,H,2,1.5,1.5,175.2,,1313C_20,176.7,195.10999999999999,196.60999999999999,1313c_020h_02.jpg
1313C_20H3,306,1313,C,20,H,3,1.5,1.5,176.7,,1313C_20,178.2,196.60999999999999,198.10999999999999,1313c_020h_03.jpg
1313C_20H4,306,1313,C,20,H,4,1.5,1.5,178.2,,1313C_20,179.7,198.10999999999999,199.60999999999999,1313c_020h_04.jpg
1313C_20H5,306,1313,C,20,H,5,1.5,1.5,179.7,,1313C_20,181.2,199.60999999999999,201.10999999999999,1313c_020h_05.jpg
1313C_20H6,306,1313,C,20,H,6,1.5,1.5,181.2,,1313C_20,182.7,201.10999999999999,202.60999999999999,1313c_020h_06.jpg
1313C_20H7,306,1313,C,20,H,7,0.58,0.58,182.7,,1313C_20,183.28,202.60999999999999,203.19,1313c_020h_07.jpg
1313B_20H4,306,1313,B,20,H,4,1.5,1.5,181.4,,1313B_20,182.9,202.11,203.61,1313b_020h_04.jpg
1313B_20H5,306,1313,B,20,H,5,1.5,1.5,182.9,,1313B_20,184.4,203.61,205.11,1313b_020h_05.jpg
1313B_20H6,306,1313,B,20,H,6,1.5,1.5,184.4,,1313B_20,185.9,205.11,206.61,1313b_020h_06.jpg
1313C_21H2,306,1313,C,21,H,2,1.5,1.5,184.7,,1313C_21,186.2,205.01,206.51,1313c_021h_02.jpg
1313C_21H3,306,1313,C,21,H,3,1.5,1.5,186.2,,1313C_21,187.7,206.51,208.01,1313c_021h_03.jpg
1313C_21H4,306,1313,C,21,H,4,1.5,1.5,187.7,,1313C_21,189.2,208.01,209.51,1313c_021h_04.jpg
1313C_21H5,306,1313,C,21,H,5,1.5,1.5,189.2,,1313C_21,190.7,209.51,211.01,1313c_021h_05.jpg
1313C_21H6,306,1313,C,21,H,6,1.5,1.5,190.7,,1313C_21,192.2,211.01,212.51,1313c_021h_06.jpg
1313B_21H2,306,1313,B,21,H,2,1.5,1.5,189.9,,1313B_21,191.4,212.24,213.74,1313b_021h_02.jpg
1313B_21H3,306,1313,B,21,H,3,1.5,1.5,191.4,,1313B_21,192.9,213.74,215.24,1313b_021h_03.jpg
1313B_21H4,306,1313,B,21,H,4,1.5,1.5,192.9,,1313B_21,194.4,215.24,216.74,1313b_021h_04.jpg
1313B_21H5,306,1313,B,21,H,5,1.5,1.5,194.4,,1313B_21,195.9,216.74,218.24,1313b_021h_05.jpg
1313B_21H6,306,1313,B,21,H,6,1.5,1.5,195.9,,1313B_21,197.4,218.24,219.74,1313b_021h_06.jpg
1313B_21H7,306,1313,B,21,H,7,0.37,0.37,197.4,,1313B_21,197.77,219.74,220.11,1313b_021h_07.jpg
1313C_22H4,306,1313,C,22,H,4,1.5,1.5,197.2,,1313C_22,198.7,218.44,219.94,1313c_022h_04.jpg
1313C_22H5,306,1313,C,22,H,5,1.5,1.5,198.7,,1313C_22,200.2,219.94,221.44,1313c_022h_05.jpg
1313C_22H6,306,1313,C,22,H,6,1.5,1.5,200.2,,1313C_22,201.7,221.44,222.94,1313c_022h_06.jpg
1313B_22H2,306,1313,B,22,H,2,1.5,1.5,199.4,,1313B_22,200.9,221.79,223.29,1313b_022h_02.jpg
1313B_22H3,306,1313,B,22,H,3,1.5,1.5,200.9,,1313B_22,202.4,223.29,224.79,1313b_022h_03.jpg
1313B_22H4,306,1313,B,22,H,4,1.5,1.5,202.4,,1313B_22,203.9,224.79,226.29,1313b_022h_04.jpg
1313B_22H5,306,1313,B,22,H,5,1.5,1.5,203.9,,1313B_22,205.4,226.29,227.79,1313b_022h_05.jpg
1313C_23H2,306,1313,C,23,H,2,1.5,1.5,203.7,,1313C_23,205.2,225.73999999999998,227.23999999999998,1313c_023h_02.jpg
1313C_23H3,306,1313,C,23,H,3,1.5,1.5,205.2,,1313C_23,206.7,227.23999999999998,228.73999999999998,1313c_023h_03.jpg
1313C_23H4,306,1313,C,23,H,4,1.5,1.5,206.7,,1313C_23,208.2,228.73999999999998,230.23999999999998,1313c_023h_04.jpg
1313C_23H5,306,1313,C,23,H,5,1.5,1.5,208.2,,1313C_23,209.7,230.23999999999998,231.73999999999998,1313c_023h_05.jpg
1313C_23H6,306,1313,C,23,H,6,1.5,1.5,209.7,,1313C_23,211.2,231.73999999999998,233.23999999999998,1313c_023h_06.jpg
1313B_23H1,306,1313,B,23,H,1,1.5,1.5,207.4,,1313B_23,208.9,230.94,232.44,1313b_023h_01.jpg
1313B_23H2,306,1313,B,23,H,2,1.5,1.5,208.9,,1313B_23,210.4,232.44,233.94,1313b_023h_02.jpg
1313B_23H3,306,1313,B,23,H,3,1.5,1.5,210.4,,1313B_23,211.9,233.94,235.44,1313b_023h_03.jpg
1313B_23H4,306,1313,B,23,H,4,1.5,1.5,211.9,,1313B_23,213.4,235.44,236.94,1313b_023h_04.jpg
1313B_23H5,306,1313,B,23,H,5,1.5,1.5,213.4,,1313B_23,214.9,236.94,238.44,1313b_023h_05.jpg
1313B_23H6,306,1313,B,23,H,6,1.5,1.5,214.9,,1313B_23,216.4,238.44,239.94,1313b_023h_06.jpg
1313B_23H7,306,1313,B,23,H,7,0.72,0.72,216.4,,1313B_23,217.12,239.94,240.66,1313b_023h_07.jpg
1313C_24H5,306,1313,C,24,H,5,1.5,1.5,217.7,,1313C_24,219.2,239.93999999999997,241.44,1313c_024h_05.jpg
1313C_24H6,306,1313,C,24,H,6,1.5,1.5,219.2,,1313C_24,220.7,241.44,242.94,1313c_024h_06.jpg
1313B_24H2,306,1313,B,24,H,2,1.5,1.5,217.26,,1313B_24,218.76,242.29,243.79,1313b_024h_02.jpg
1313B_24H3,306,1313,B,24,H,3,1.5,1.5,218.76,,1313B_24,220.26,243.79,245.29,1313b_024h_03.jpg
1313B_24H4,306,1313,B,24,H,4,1.5,1.5,220.26,,1313B_24,221.76,245.29,246.79,1313b_024h_04.jpg
1313B_24H5,306,1313,B,24,H,5,1.5,1.5,221.76,,1313B_24,223.26,246.79,248.29,1313b_024h_05.jpg
1313B_24H6,306,1313,B,24,H,6,1.41,1.41,223.26,,1313B_24,224.67,248.29,249.7,1313b_024h_06.jpg
1313C_25H5,306,1313,C,25,H,5,1.5,1.5,227.2,,1313C_25,228.7,250.44,251.94,1313c_025h_05.jpg
1313C_25H6,306,1313,C,25,H,6,1.5,1.5,228.7,,1313C_25,230.2,251.94,253.44,1313c_025h_06.jpg
1313C_25H7,306,1313,C,25,H,7,0.54,0.54,230.2,,1313C_25,230.73999999999998,253.44,253.98,1313c_025h_07.jpg
1313B_25H2,306,1313,B,25,H,2,1.5,1.5,227.27,,1313B_25,228.77,252.89000000000001,254.39000000000001,1313b_025h_02.jpg
1313B_25H3,306,1313,B,25,H,3,1.5,1.5,228.77,,1313B_25,230.27,254.39000000000001,255.89000000000001,1313b_025h_03.jpg
1313B_25H4,306,1313,B,25,H,4,1.5,1.5,230.27,,1313B_25,231.77,255.89000000000001,257.39000000000004,1313b_025h_04.jpg
1313B_25H5,306,1313,B,25,H,5,1.5,1.5,231.77,,1313B_25,233.27,257.39000000000004,258.89000000000004,1313b_025h_05.jpg
1313B_25H6,306,1313,B,25,H,6,1.25,1.25,233.27,,1313B_25,234.52,258.89000000000004,260.14000000000004,1313b_025h_06.jpg
1313C_26H4,306,1313,C,26,H,4,1.5,1.5,235.2,,1313C_26,236.7,258.44,259.94,1313c_026h_04.jpg
1313C_26H5,306,1313,C,26,H,5,1.5,1.5,236.7,,1313C_26,238.2,259.94,261.44,1313c_026h_05.jpg
1313C_26H6,306,1313,C,26,H,6,1.0,1.0,238.2,,1313C_26,239.2,261.44,262.44,1313c_026h_06.jpg
1313C_26H7,306,1313,C,26,H,7,0.99,0.99,239.2,,1313C_26,240.19,262.44,263.42999999999995,1313c_026h_07.jpg
1313B_26H2,306,1313,B,26,H,2,1.1,1.1,237.04,,1313B_26,238.14,262.54999999999995,263.65,1313b_026h_02.jpg
1313B_26H3,306,1313,B,26,H,3,1.1,1.1,238.14,,1313B_26,239.23999999999998,263.65,264.74999999999994,1313b_026h_03.jpg
1313B_26H4,306,1313,B,26,H,4,1.14,1.14,239.24,,1313B_26,240.38,264.75,265.89,1313b_026h_04.jpg
1313B_26H5,306,1313,B,26,H,5,1.5,1.5,240.38,,1313B_26,241.88,265.89,267.39,1313b_026h_05.jpg
1313B_26H6,306,1313,B,26,H,6,1.5,1.5,241.88,,1313B_26,243.38,267.39,268.89000000000004,1313b_026h_06.jpg
1313C_27H3,306,1313,C,27,H,3,1.5,1.5,243.2,,1313C_27,244.7,266.44,267.94,1313c_027h_03.jpg
1313C_27H4,306,1313,C,27,H,4,1.5,1.5,244.7,,1313C_27,246.2,267.94,269.44,1313c_027h_04.jpg
1313C_27H5,306,1313,C,27,H,5,1.5,1.5,246.2,,1313C_27,247.7,269.44,270.94,1313c_027h_05.jpg
1313C_27H6,306,1313,C,27,H,6,1.0,1.0,247.7,,1313C_27,248.7,270.94,271.94,1313c_027h_06.jpg
1313B_27H1,306,1313,B,27,H,1,1.5,1.5,245.4,,1313B_27,246.9,270.43000000000006,271.93,1313b_027h_01.jpg
1313B_27H2,306,1313,B,27,H,2,1.5,1.5,246.9,,1313B_27,248.4,271.93,273.43,1313b_027h_02.jpg
1313B_27H3,306,1313,B,27,H,3,1.5,1.5,248.4,,1313B_27,249.9,273.43,274.93,1313b_027h_03.jpg
1313B_27H4,306,1313,B,27,H,4,1.5,1.5,249.9,,1313B_27,251.4,274.93,276.42999999999995,1313b_027h_04.jpg
1313C_28H1,306,1313,C,28,H,1,1.5,1.5,249.7,,1313C_28,251.2,273.78,275.28,1313c_028h_01.jpg
1313C_28H2,306,1313,C,28,H,2,1.5,1.5,251.2,,1313C_28,252.7,275.28,276.78,1313c_028h_02.jpg
1313C_28H3,306,1313,C,28,H,3,1.5,1.5,252.7,,1313C_28,254.2,276.78,278.28,1313c_028h_03.jpg
1313C_28H4,306,1313,C,28,H,4,1.5,1.5,254.2,,1313C_28,255.7,278.28,279.78,1313c_028h_04.jpg
1313C_28H5,306,1313,C,28,H,5,1.5,1.5,255.7,,1313C_28,257.2,279.78,281.28,1313c_028h_05.jpg
1313C_28H6,306,1313,C,28,H,6,1.5,1.5,257.2,,1313C_28,258.7,281.28,282.78,1313c_028h_06.jpg
1313C_28H7,306,1313,C,28,H,7,0.56,0.56,258.7,,1313C_28,259.26,282.78,283.34,1313c_028h_07.jpg
1313B_28H1,306,1313,B,28,H,1,1.5,1.5,254.9,,1313B_28,256.4,282.42999999999995,283.92999999999995,1313b_028h_01.jpg
1313B_28H2,306,1313,B,28,H,2,1.5,1.5,256.4,,1313B_28,257.9,283.92999999999995,285.42999999999995,1313b_028h_02.jpg
1313B_28H3,306,1313,B,28,H,3,1.5,1.5,257.9,,1313B_28,259.4,285.42999999999995,286.92999999999995,1313b_028h_03.jpg
1313B_28H4,306,1313,B,28,H,4,1.5,1.5,259.4,,1313B_28,260.9,286.92999999999995,288.42999999999995,1313b_028h_04.jpg
1313B_28H5,306,1313,B,28,H,5,1.5,1.5,260.9,,1313B_28,262.4,288.42999999999995,289.92999999999995,1313b_028h_05.jpg
1313C_29H4,306,1313,C,29,H,4,1.5,1.5,263.7,,1313C_29,265.2,,,1313c_029h_04.jpg
1313C_29H5,306,1313,C,29,H,5,1.5,1.5,265.2,,1313C_29,266.7,,,1313c_029h_05.jpg
1313C_29H6,306,1313,C,29,H,6,1.5,1.5,266.7,,1313C_29,268.2,,,1313c_029h_06.jpg
1313C_29H7,306,1313,C,29,H,7,0.69,0.69,268.2,,1313C_29,268.89,,,1313c_029h_07.jpg
