Exp,Site,Hole,Core,Type,Section,A/W,Top offset (cm),Bottom offset (cm),Top depth CCSF (m),Bottom depth CCSF (m),Species,benthic d18O,s d18O,benthic d13C,s d13C
361,U1474,F,1,H,1,W,15.0,16.0,0.15,0.16,cib,3.47,0.023,0.423,0.024
361,U1474,F,1,H,1,W,40.0,41.0,0.4,0.41,uvi,4.969,0.029,0.2829999999999999,0.03
361,U1474,F,1,H,1,W,52.0,53.0,0.52,0.53,uvi,5.155,0.022,0.31799999999999995,0.013
361,U1474,F,1,H,1,W,64.0,65.0,0.64,0.65,uvi & cib,5.1035,0.0235,0.21149999999999997,0.013000000000000001
361,U1474,F,1,H,1,W,76.0,77.0,0.76,0.77,cib,4.9799999999999995,0.023,0.057999999999999996,0.013
361,U1474,F,1,H,1,W,89.0,90.0,0.89,0.9,cib,4.8759999999999994,0.031,0.16799999999999998,0.014
361,U1474,F,1,H,1,W,101.0,102.0,1.01,1.02,uvi & cib,5.0825,0.0315,0.057499999999999996,0.0225
361,U1474,F,1,H,1,W,113.0,114.0,1.13,1.14,uvi & cib,4.596,0.024333333333333335,0.519,0.02
361,U1474,F,1,H,1,W,125.0,126.0,1.25,1.26,uvi & cib,4.52575,0.0275,0.45399999999999996,0.0115
361,U1474,F,1,H,1,W,138.0,139.0,1.38,1.39,uvi,4.625,0.027,0.32299999999999995,0.021
361,U1474,F,1,H,2,W,37.0,38.0,1.87,1.88,uvi,4.514,0.027,0.75,0.021
361,U1474,F,1,H,2,W,49.0,50.0,1.99,2.0,cib,4.824999999999999,0.028,-0.445,0.012
361,U1474,F,1,H,2,W,61.0,62.0,2.11,2.12,uvi,4.617,0.017,0.30399999999999994,0.014
361,U1474,F,1,H,2,W,73.0,74.0,2.23,2.24,uvi,4.39,0.025,0.647,0.011
361,U1474,F,1,H,2,W,86.0,87.0,2.36,2.37,uvi & cib,4.326333333333333,0.025000000000000005,0.523,0.015
361,U1474,D,1,H,2,W,83.0,84.0,2.4819999999999998,2.492,uvi & cib,4.023,0.030000000000000002,0.6819999999999999,0.011
361,U1474,D,1,H,2,W,95.0,96.0,2.602,2.612,uvi & cib,3.9146666666666667,0.023000000000000003,0.6733333333333332,0.018
361,U1474,D,1,H,2,W,107.0,108.0,2.722,2.732,uvi & cib,4.1894,0.040600000000000004,0.48519999999999996,0.0196
361,U1474,D,1,H,2,W,132.0,133.0,2.972,2.982,uvi & cib,4.0725,0.027,0.6537499999999999,0.01625
361,U1474,D,1,H,2,W,144.0,145.0,3.0919999999999996,3.102,uvi & cib,3.924666666666667,0.024000000000000004,0.5559999999999999,0.018666666666666668
361,U1474,D,1,H,3,W,20.0,21.0,3.3520000000000003,3.362,uvi & cib,3.9116666666666666,0.035,0.332,0.020666666666666667
361,U1474,D,1,H,3,W,33.0,34.0,3.482,3.492,uvi & cib,3.9405,0.0265,0.4105,0.0175
361,U1474,D,1,H,3,W,45.0,46.0,3.6020000000000003,3.612,uvi & cib,4.024,0.028333333333333335,0.484,0.019666666666666666
361,U1474,D,1,H,3,W,57.0,58.0,3.722,3.732,uvi & cib,3.921333333333333,0.034666666666666665,0.622,0.021666666666666667
361,U1474,D,1,H,3,W,69.0,70.0,3.842,3.8520000000000003,uvi & cib,3.862,0.0375,0.8614999999999999,0.020999999999999998
361,U1474,D,1,H,3,W,82.0,83.0,3.972,3.982,uvi & cib,3.2415000000000003,0.028,0.8795,0.0195
361,U1474,D,1,H,3,W,94.0,95.0,4.0920000000000005,4.102,cib,3.327,0.016,0.414,0.02
361,U1474,D,1,H,3,W,106.0,107.0,4.212,4.222,uvi & cib,4.7235,0.027999999999999997,-0.12800000000000006,0.019999999999999997
361,U1474,D,1,H,3,W,118.0,119.0,4.332,4.3420000000000005,cib,4.7299999999999995,0.037,0.193,0.024
361,U1474,D,1,H,4,W,17.0,18.0,4.822,4.832,cib,4.968999999999999,0.063,0.373,0.027
361,U1474,D,1,H,4,W,30.0,31.0,4.952,4.962,cib,4.9079999999999995,0.04,-0.34700000000000003,0.028
361,U1474,D,1,H,4,W,42.0,43.0,5.072,5.082,uvi,4.823,0.042,0.06399999999999995,0.01
361,U1474,D,1,H,4,W,54.0,55.0,5.192,5.202,uvi,4.728,0.033,-0.124,0.016
361,U1474,D,1,H,4,W,66.0,67.0,5.312,5.322,uvi,4.687,0.025,-0.015000000000000013,0.023
361,U1474,F,2,H,2,W,109.0,110.0,5.4399999999999995,5.449999999999999,uvi & cib,4.558666666666666,0.02366666666666667,0.07299999999999997,0.015333333333333332
361,U1474,F,2,H,2,W,121.0,122.0,5.56,5.569999999999999,uvi & cib,4.807,0.030000000000000002,-0.009000000000000036,0.0175
361,U1474,F,2,H,2,W,133.0,134.0,5.68,5.6899999999999995,uvi & cib,4.5,0.033,-0.23800000000000004,0.015
361,U1474,F,2,H,2,W,145.0,146.0,5.8,5.81,uvi & cib,4.529,0.024,-0.12100000000000005,0.0185
361,U1474,F,2,H,3,W,8.0,9.0,5.93,5.9399999999999995,uvi & cib,4.6594999999999995,0.023,-0.31600000000000006,0.016
361,U1474,F,2,H,3,W,20.0,21.0,6.05,6.06,uvi & cib,4.628,0.024,-0.05700000000000002,0.014
361,U1474,F,2,H,3,W,32.0,33.0,6.17,6.18,uvi & cib,4.309,0.029,0.153,0.0155
361,U1474,F,2,H,3,W,44.0,45.0,6.29,6.3,uvi & cib,4.0035,0.033,0.17449999999999996,0.019000000000000003
361,U1474,F,2,H,3,W,56.0,57.0,6.41,6.42,uvi & cib,3.9725,0.034,0.393,0.016
361,U1474,F,2,H,3,W,69.0,70.0,6.539999999999999,6.55,uvi & cib,3.9205,0.0265,0.46299999999999997,0.0115
361,U1474,F,2,H,3,W,81.0,82.0,6.66,6.67,uvi & cib,3.79,0.0245,0.17699999999999996,0.020999999999999998
361,U1474,F,2,H,3,W,93.0,94.0,6.779999999999999,6.789999999999999,uvi & cib,3.967,0.017,0.627,0.016
361,U1474,F,2,H,3,W,105.0,106.0,6.8999999999999995,6.91,uvi & cib,3.7455,0.022,0.5805,0.024
361,U1474,F,2,H,3,W,118.0,119.0,7.029999999999999,7.039999999999999,uvi & cib,3.657,0.033,0.7085,0.020499999999999997
361,U1474,F,2,H,3,W,130.0,131.0,7.1499999999999995,7.16,cib,3.71,0.02,0.35,0.008
361,U1474,F,2,H,3,W,142.0,143.0,7.27,7.279999999999999,uvi & cib,3.8075,0.025,0.388,0.021
361,U1474,F,2,H,4,W,4.0,5.0,7.39,7.3999999999999995,uvi & cib,4.0495,0.0315,0.16049999999999998,0.0155
361,U1474,F,2,H,4,W,17.0,18.0,7.52,7.529999999999999,uvi & cib,4.5705,0.03,-0.14100000000000001,0.0195
361,U1474,F,2,H,4,W,29.0,30.0,7.64,7.6499999999999995,uvi & cib,4.6345,0.027000000000000003,-0.12750000000000006,0.016
361,U1474,F,2,H,4,W,41.0,42.0,7.76,7.77,uvi & cib,4.3815,0.0235,0.254,0.016
361,U1474,F,2,H,4,W,115.0,116.0,8.5,8.51,uvi & cib,4.753,0.0325,0.03149999999999996,0.014499999999999999
361,U1474,F,2,H,4,W,127.0,128.0,8.62,8.629999999999999,uvi & cib,4.715,0.0395,0.015499999999999979,0.024
361,U1474,F,2,H,4,W,139.0,140.0,8.74,8.75,uvi & cib,4.824999999999999,0.0245,0.020000000000000004,0.018000000000000002
361,U1474,F,2,H,5,W,1.0,2.0,8.86,8.87,uvi & cib,4.7535,0.028999999999999998,-0.08850000000000005,0.023
361,U1474,F,2,H,5,W,26.0,27.0,9.11,9.12,uvi & cib,4.794499999999999,0.0285,0.04799999999999996,0.020499999999999997
361,U1474,F,2,H,5,W,38.0,39.0,9.23,9.24,uvi & cib,4.727,0.0175,-0.22700000000000006,0.022
361,U1474,F,2,H,5,W,50.0,51.0,9.35,9.36,uvi & cib,4.599,0.026,-0.29150000000000004,0.0135
361,U1474,F,2,H,5,W,62.0,63.0,9.469999999999999,9.48,uvi & cib,4.7865,0.032,-0.41050000000000003,0.0175
361,U1474,F,2,H,5,W,75.0,76.0,9.6,9.61,uvi & cib,4.846,0.018000000000000002,-0.4875,0.0125
361,U1474,F,2,H,5,W,87.0,88.0,9.719999999999999,9.73,uvi & cib,4.725,0.031,-0.429,0.0125
361,U1474,F,2,H,5,W,99.0,100.0,9.84,9.85,uvi & cib,4.6685,0.026999999999999996,-0.44899999999999995,0.0205
361,U1474,F,2,H,5,W,111.0,112.0,9.959999999999999,9.969999999999999,uvi & cib,4.3555,0.031,0.33499999999999996,0.0175
361,U1474,F,2,H,5,W,124.0,125.0,10.09,10.1,uvi & cib,4.093999999999999,0.0485,0.514,0.0205
361,U1474,F,2,H,5,W,136.0,137.0,10.209999999999999,10.219999999999999,uvi & cib,3.982,0.0195,0.4315,0.018000000000000002
361,U1474,F,2,H,5,W,148.0,149.0,10.33,10.34,uvi & cib,4.0025,0.020499999999999997,-0.04350000000000001,0.0155
361,U1474,F,2,H,6,W,10.0,11.0,10.45,10.459999999999999,uvi & cib,4.2995,0.030000000000000002,0.0015000000000000013,0.010499999999999999
361,U1474,F,2,H,6,W,23.0,24.0,10.58,10.59,uvi & cib,4.4345,0.036000000000000004,-0.13900000000000004,0.014
361,U1474,F,2,H,6,W,35.0,36.0,10.7,10.709999999999999,uvi,4.553,0.041,-0.049000000000000044,0.016
361,U1474,F,2,H,6,W,47.0,48.0,10.82,10.83,uvi & cib,4.519,0.048,0.23249999999999998,0.022
361,U1474,F,2,H,6,W,59.0,60.0,10.94,10.95,uvi & cib,4.3825,0.029,-0.05100000000000002,0.014499999999999999
361,U1474,F,2,H,6,W,72.0,73.0,11.07,11.08,uvi & cib,4.2165,0.034,0.2825,0.0235
361,U1474,F,2,H,6,W,84.0,85.0,11.19,11.2,uvi,3.927,0.034,0.19599999999999995,0.022
361,U1474,F,2,H,6,W,96.0,97.0,11.309999999999999,11.32,uvi & cib,3.96,0.0275,0.326,0.014499999999999999
361,U1474,F,2,H,6,W,108.0,109.0,11.43,11.44,uvi & cib,3.747,0.036000000000000004,0.23699999999999996,0.013
361,U1474,D,3,H,1,W,125.0,126.0,11.806,11.815999999999999,uvi & cib,3.6265,0.0595,0.45099999999999996,0.032
361,U1474,D,3,H,1,W,137.0,138.0,11.925999999999998,11.936,cib,3.395,0.05,-0.311,0.039
361,U1474,D,3,H,2,W,24.0,25.0,12.296,12.306,uvi & cib,4.2395,0.04,-0.13350000000000004,0.0305
361,U1474,D,3,H,2,W,61.0,62.0,12.665999999999999,12.675999999999998,uvi & cib,5.008,0.0375,-0.6005,0.021
361,U1474,D,3,H,2,W,73.0,74.0,12.786,12.796,uvi & cib,5.004,0.0305,-0.27749999999999997,0.0225
361,U1474,D,3,H,2,W,85.0,86.0,12.905999999999999,12.915999999999999,uvi & cib,5.140000000000001,0.0245,-0.2435,0.0125
361,U1474,D,3,H,2,W,97.0,98.0,13.026,13.036,uvi & cib,5.054,0.035,-0.44000000000000006,0.016
361,U1474,D,3,H,2,W,110.0,111.0,13.155999999999999,13.165999999999999,uvi & cib,4.7780000000000005,0.032,-0.16100000000000003,0.014499999999999999
361,U1474,D,3,H,2,W,134.0,135.0,13.395999999999999,13.405999999999999,uvi & cib,4.6935,0.0385,-0.32800000000000007,0.0185
361,U1474,D,3,H,3,W,9.0,10.0,13.645999999999999,13.655999999999999,uvi & cib,4.7035,0.0315,-0.4360000000000001,0.0185
361,U1474,D,3,H,3,W,21.0,22.0,13.766,13.776,cib,4.7589999999999995,0.044,-0.47200000000000003,0.029
361,U1474,D,3,H,3,W,33.0,34.0,13.886,13.895999999999999,uvi & cib,4.647,0.037,-0.29850000000000004,0.0175
361,U1474,D,3,H,3,W,45.0,46.0,14.005999999999998,14.016,uvi & cib,4.547,0.032,0.053499999999999964,0.02
361,U1474,D,3,H,3,W,58.0,59.0,14.136,14.145999999999999,uvi & cib,4.494,0.027000000000000003,-0.415,0.019999999999999997
361,U1474,D,3,H,3,W,70.0,71.0,14.255999999999998,14.265999999999998,uvi & cib,4.461,0.034999999999999996,-0.011500000000000038,0.0235
361,U1474,D,3,H,3,W,82.0,83.0,14.376,14.386,uvi & cib,4.5335,0.038,-0.15200000000000002,0.017
361,U1474,D,3,H,3,W,94.0,95.0,14.495999999999999,14.505999999999998,cib,4.393,0.034,-0.23800000000000002,0.019
361,U1474,D,3,H,3,W,107.0,108.0,14.626,14.636,uvi & cib,4.427,0.037000000000000005,0.1185,0.0205
361,U1474,D,3,H,3,W,119.0,120.0,14.745999999999999,14.755999999999998,uvi & cib,4.286,0.0265,-0.004500000000000018,0.015
361,U1474,D,3,H,3,W,131.0,132.0,14.866,14.876,uvi & cib,4.4495000000000005,0.0385,-0.10300000000000005,0.0255
361,U1474,D,3,H,3,W,143.0,144.0,14.985999999999999,14.995999999999999,uvi & cib,4.435,0.03949999999999999,0.04399999999999998,0.0195
361,U1474,D,3,H,4,W,6.0,7.0,15.116,15.126,uvi & cib,4.2565,0.038,0.4185,0.025
361,U1474,D,3,H,4,W,18.0,19.0,15.235999999999999,15.245999999999999,uvi & cib,4.151,0.04,0.22199999999999995,0.0235
361,U1474,D,3,H,4,W,30.0,31.0,15.356,15.366,uvi & cib,4.0355,0.0395,0.34099999999999997,0.020499999999999997
361,U1474,D,3,H,4,W,42.0,43.0,15.475999999999999,15.485999999999999,uvi & cib,4.0295000000000005,0.026500000000000003,0.26749999999999996,0.019000000000000003
361,U1474,D,3,H,4,W,54.0,55.0,15.596,15.606,uvi & cib,4.103,0.0325,-0.0005000000000000282,0.025
361,U1474,D,3,H,4,W,67.0,68.0,15.725999999999999,15.735999999999999,uvi & cib,3.862,0.043,0.39549999999999996,0.019
361,U1474,D,3,H,4,W,79.0,80.0,15.846,15.856,uvi & cib,3.4880000000000004,0.048,0.8374999999999999,0.019
361,U1474,D,3,H,4,W,91.0,92.0,15.966,15.975999999999999,uvi & cib,3.263,0.0275,0.867,0.017
361,U1474,D,3,H,4,W,103.0,104.0,16.086,16.096,cib,3.2840000000000003,0.028,0.7449999999999999,0.018
361,U1474,D,3,H,4,W,116.0,117.0,16.215999999999998,16.226,cib,3.2310000000000003,0.039,0.688,0.021
361,U1474,D,3,H,4,W,128.0,129.0,16.336,16.346,cib,3.2150000000000003,0.04,0.593,0.024
361,U1474,D,3,H,4,W,140.0,141.0,16.456,16.465999999999998,cib,3.339,0.062,0.386,0.029
361,U1474,D,3,H,5,W,2.0,3.0,16.576,16.586000000000002,cib,3.3520000000000003,0.043,0.427,0.017
361,U1474,D,3,H,5,W,15.0,16.0,16.706,16.716,cib,3.557,0.04,0.6080000000000001,0.013
361,U1474,D,3,H,5,W,27.0,28.0,16.826,16.836000000000002,cib,3.717,0.024,0.328,0.015
361,U1474,D,3,H,5,W,39.0,40.0,16.946,16.956,cib,3.758,0.056,0.066,0.034
361,U1474,D,3,H,5,W,51.0,52.0,17.066000000000003,17.076,cib,4.146,0.035,-0.03400000000000001,0.015
361,U1474,D,3,H,5,W,64.0,65.0,17.196,17.206,uvi & cib,5.0165,0.0335,-0.2875,0.0215
361,U1474,A,3,H,3,W,123.0,124.0,17.433,17.442999999999998,uvi & cib,5.2155,0.036500000000000005,-0.35750000000000004,0.0155
361,U1474,A,3,H,3,W,135.0,136.0,17.553,17.563,uvi,5.158,0.029,-0.251,0.029
361,U1474,A,3,H,4,W,47.0,48.0,18.173,18.183,uvi & cib,4.9125,0.033,-0.4435,0.020999999999999998
361,U1474,A,3,H,4,W,59.0,60.0,18.293,18.303,uvi & cib,4.8115,0.0315,-0.14600000000000005,0.0225
361,U1474,A,3,H,4,W,83.0,84.0,18.532999999999998,18.543,uvi & cib,4.0969999999999995,0.028999999999999998,-0.189,0.02
361,U1474,A,3,H,4,W,95.0,96.0,18.653,18.663,uvi & cib,4.727,0.032,-0.26100000000000007,0.0125
361,U1474,A,3,H,4,W,108.0,109.0,18.783,18.793,uvi & cib,4.6975,0.037000000000000005,-0.3655,0.014499999999999999
361,U1474,A,3,H,4,W,132.0,133.0,19.023,19.033,uvi & cib,4.84,0.044,-0.364,0.025
361,U1474,A,3,H,4,W,144.0,145.0,19.143,19.153,uvi & cib,4.773,0.033,-0.138,0.0165
361,U1474,A,3,H,5,W,7.0,8.0,19.273,19.282999999999998,uvi & cib,4.577999999999999,0.0245,-0.176,0.015
361,U1474,A,3,H,5,W,19.0,20.0,19.393,19.403,uvi & cib,4.5065,0.031,-0.421,0.0175
361,U1474,A,3,H,5,W,31.0,32.0,19.512999999999998,19.523,uvi & cib,4.637499999999999,0.03,-0.44500000000000006,0.0155
361,U1474,A,3,H,5,W,43.0,44.0,19.633,19.643,uvi & cib,4.6795,0.024,-0.3215,0.0185
361,U1474,A,3,H,5,W,68.0,69.0,19.883,19.893,uvi & cib,4.5495,0.0435,-0.12500000000000006,0.028
361,U1474,A,3,H,5,W,80.0,81.0,20.003,20.012999999999998,uvi & cib,4.5184999999999995,0.0305,-0.23600000000000002,0.013
361,U1474,A,3,H,5,W,92.0,93.0,20.123,20.133,uvi & cib,4.5495,0.033,-0.27099999999999996,0.0175
361,U1474,A,3,H,5,W,105.0,106.0,20.253,20.262999999999998,uvi & cib,4.4505,0.045,0.12199999999999997,0.0185
361,U1474,A,3,H,5,W,117.0,118.0,20.372999999999998,20.383,uvi & cib,4.471500000000001,0.031,0.10699999999999997,0.011
361,U1474,A,3,H,5,W,129.0,130.0,20.493,20.503,uvi & cib,4.161,0.0295,0.4435,0.024
361,U1474,A,3,H,5,W,141.0,142.0,20.613,20.622999999999998,uvi,3.98,0.038,0.604,0.016
361,U1474,A,3,H,6,W,4.0,5.0,20.743,20.753,uvi & cib,4.1545000000000005,0.019,0.6349999999999999,0.011
361,U1474,A,3,H,6,W,16.0,17.0,20.863,20.873,uvi & cib,3.8805,0.0335,0.369,0.019000000000000003
361,U1474,A,3,H,6,W,28.0,29.0,20.983,20.993,uvi & cib,3.903,0.0305,0.503,0.0135
361,U1474,A,3,H,6,W,40.0,41.0,21.102999999999998,21.113,uvi & cib,3.7875,0.035,0.735,0.019
361,U1474,D,4,H,1,W,69.0,70.0,21.238,21.247999999999998,uvi & cib,3.688,0.0315,0.5724999999999999,0.022
361,U1474,D,4,H,1,W,81.0,82.0,21.357999999999997,21.368,uvi & cib,3.636,0.041499999999999995,0.815,0.022
361,U1474,D,4,H,1,W,93.0,94.0,21.477999999999998,21.488,uvi & cib,3.7535,0.0325,0.7925,0.016
361,U1474,D,4,H,1,W,105.0,106.0,21.598,21.607999999999997,uvi & cib,3.8665000000000003,0.0475,0.741,0.026500000000000003
361,U1474,D,4,H,1,W,117.0,118.0,21.717999999999996,21.727999999999998,uvi,3.744,0.031,0.721,0.014
361,U1474,D,4,H,1,W,130.0,131.0,21.848,21.857999999999997,uvi & cib,3.865,0.024,0.9039999999999999,0.017
361,U1474,D,4,H,1,W,142.0,143.0,21.967999999999996,21.977999999999998,uvi & cib,3.9105,0.019,0.7115,0.020999999999999998
361,U1474,D,4,H,2,W,4.0,5.0,22.087999999999997,22.098,uvi & cib,3.9675000000000002,0.035500000000000004,0.5825,0.013999999999999999
361,U1474,D,4,H,2,W,16.0,17.0,22.208,22.218,uvi & cib,4.009,0.033,0.489,0.031
361,U1474,D,4,H,2,W,29.0,30.0,22.337999999999997,22.348,uvi & cib,4.241,0.025500000000000002,0.6839999999999999,0.019
361,U1474,D,4,H,2,W,41.0,42.0,22.458,22.468,uvi & cib,4.1945,0.045,0.6339999999999999,0.025
361,U1474,D,4,H,2,W,53.0,54.0,22.578,22.587999999999997,uvi & cib,4.1605,0.034999999999999996,0.4235,0.0175
361,U1474,D,4,H,2,W,65.0,66.0,22.697999999999997,22.708,uvi & cib,3.931,0.028499999999999998,0.576,0.0165
361,U1474,D,4,H,2,W,78.0,79.0,22.828,22.837999999999997,uvi & cib,4.1175,0.045,0.357,0.022
361,U1474,D,4,H,2,W,90.0,91.0,22.947999999999997,22.958,uvi & cib,4.058,0.0335,0.27549999999999997,0.015
361,U1474,D,4,H,2,W,102.0,103.0,23.067999999999998,23.078,cib,4.646999999999999,0.037,-0.20800000000000002,0.015
361,U1474,D,4,H,2,W,114.0,115.0,23.188,23.197999999999997,uvi & cib,4.734999999999999,0.026500000000000003,0.04199999999999997,0.0225
361,U1474,D,4,H,2,W,127.0,128.0,23.317999999999998,23.328,uvi & cib,4.6905,0.028,-0.00900000000000005,0.018000000000000002
361,U1474,D,4,H,2,W,139.0,140.0,23.438,23.447999999999997,cib,4.61,0.042,0.009999999999999995,0.02
361,U1474,D,4,H,3,W,1.0,2.0,23.558,23.567999999999998,uvi & cib,4.696,0.043,0.357,0.0125
361,U1474,D,4,H,3,W,26.0,27.0,23.808,23.817999999999998,cib,4.68,0.051,0.04999999999999999,0.023
361,U1474,D,4,H,3,W,38.0,39.0,23.927999999999997,23.938,cib,,0.13,,0.061
361,U1474,D,4,H,3,W,50.0,51.0,24.048,24.058,cib,4.2,0.026,-0.04000000000000001,0.025
361,U1474,D,4,H,3,W,62.0,63.0,24.168,24.177999999999997,cib,4.4399999999999995,0.051,0.06,0.036
361,U1474,D,4,H,3,W,87.0,88.0,24.418,24.427999999999997,cib,,0.118,,0.051
361,U1474,D,4,H,3,W,99.0,100.0,24.537999999999997,24.548,cib,4.08,0.035,-0.060000000000000005,0.033
361,U1474,D,4,H,3,W,111.0,112.0,24.657999999999998,24.668,uvi & cib,3.5795,0.078,0.6804999999999999,0.034999999999999996
361,U1474,D,4,H,3,W,123.0,124.0,24.778,24.787999999999997,uvi & cib,3.9005,0.0575,0.6809999999999999,0.0325
361,U1474,D,4,H,3,W,148.0,149.0,25.028,25.037999999999997,uvi & cib,3.5975,0.0615,0.8254999999999999,0.0245
361,U1474,D,4,H,4,W,10.0,11.0,25.148,25.157999999999998,cib,3.47,0.063,0.5900000000000001,0.032
361,U1474,D,4,H,4,W,22.0,23.0,25.267999999999997,25.278,cib,3.98,0.042,0.09,0.025
361,U1474,D,4,H,4,W,35.0,36.0,25.398,25.407999999999998,uvi & cib,4.187,0.07050000000000001,0.23650000000000002,0.0315
361,U1474,D,4,H,4,W,47.0,48.0,25.517999999999997,25.528,cib,4.4399999999999995,0.043,-0.09000000000000001,0.031
361,U1474,D,4,H,4,W,59.0,60.0,25.637999999999998,25.648,cib,3.69,0.067,-0.23,0.043
361,U1474,D,4,H,4,W,71.0,72.0,25.758,25.767999999999997,cib,4.32,0.061,0.41,0.03
361,U1474,D,4,H,4,W,84.0,85.0,25.887999999999998,25.898,uvi & cib,4.1015,0.032,0.37949999999999995,0.024
361,U1474,F,4,H,3,W,50.0,51.0,26.004,26.014000000000003,cib,4.25,0.055,0.12,0.018
361,U1474,F,4,H,3,W,62.0,63.0,26.124000000000002,26.134,cib,4.07,0.059,0.52,0.034
361,U1474,F,4,H,3,W,74.0,75.0,26.244,26.254,cib,3.91,0.04,0.31,0.022
361,U1474,F,4,H,3,W,87.0,88.0,26.374000000000002,26.384,cib,4.17,0.068,0.25,0.032
361,U1474,F,4,H,3,W,99.0,100.0,26.494,26.504,cib,3.64,0.075,0.31,0.046
361,U1474,F,4,H,3,W,111.0,112.0,26.614,26.624000000000002,uvi & cib,3.9350000000000005,0.0485,0.42000000000000004,0.0305
361,U1474,F,4,H,3,W,123.0,124.0,26.734,26.744,cib,3.54,0.042,0.6000000000000001,0.026
361,U1474,F,4,H,3,W,136.0,137.0,26.864,26.874000000000002,cib,4.34,0.047,-0.13,0.044
361,U1474,F,4,H,3,W,148.0,149.0,26.984,26.994,cib,5.18,0.046,-0.07,0.031
361,U1474,F,4,H,4,W,10.0,11.0,27.104000000000003,27.114,cib,5.0,0.05,0.01999999999999999,0.029
361,U1474,F,4,H,4,W,22.0,23.0,27.224,27.234,cib,5.13,0.044,-0.15000000000000002,0.024
361,U1474,F,4,H,4,W,35.0,36.0,27.354000000000003,27.364,cib,4.93,0.042,-0.19,0.022
361,U1474,F,4,H,4,W,47.0,48.0,27.474,27.484,cib,4.47,0.024,-0.71,0.022
361,U1474,F,4,H,4,W,59.0,60.0,27.594,27.604000000000003,cib,4.67,0.036,-0.08,0.026
361,U1474,F,4,H,4,W,71.0,72.0,27.714000000000002,27.724,cib,4.67,0.064,-0.33,0.044
361,U1474,F,4,H,4,W,83.0,84.0,27.834,27.844,cib,4.779999999999999,0.02,-0.43,0.022
361,U1474,F,4,H,4,W,96.0,97.0,27.964000000000002,27.974,cib,4.699999999999999,0.096,-0.48,0.059
361,U1474,F,4,H,4,W,108.0,109.0,28.084000000000003,28.094,cib,4.52,0.047,-0.6599999999999999,0.023
361,U1474,F,4,H,4,W,120.0,121.0,28.204,28.214000000000002,cib,4.1,0.034,-0.21000000000000002,0.066
361,U1474,F,4,H,4,W,132.0,133.0,28.324,28.334000000000003,cib,4.54,0.045,-0.41000000000000003,0.026
361,U1474,F,4,H,4,W,145.0,146.0,28.454,28.464000000000002,cib,4.6499999999999995,0.031,-0.6000000000000001,0.03
361,U1474,F,4,H,5,W,7.0,8.0,28.574,28.584,cib,4.45,0.05,-0.19,0.028
361,U1474,F,4,H,5,W,19.0,20.0,28.694000000000003,28.704,cib,4.52,0.076,-0.17,0.048
361,U1474,F,4,H,5,W,31.0,32.0,28.814,28.824,cib,4.3,0.037,-0.29000000000000004,0.014
361,U1474,F,4,H,5,W,44.0,45.0,28.944000000000003,28.954,cib,4.28,0.06,0.1,0.023
361,U1474,F,4,H,5,W,56.0,57.0,29.064,29.074,cib,4.2299999999999995,0.045,0.24,0.035
361,U1474,F,4,H,5,W,68.0,69.0,29.184,29.194000000000003,cib,3.75,0.06,0.37,0.021
361,U1474,F,4,H,5,W,80.0,81.0,29.304000000000002,29.314,cib,3.79,0.041,0.41,0.058
361,U1474,F,4,H,5,W,93.0,94.0,29.434,29.444000000000003,cib,3.69,0.054,0.6199999999999999,0.033
361,U1474,F,4,H,5,W,105.0,106.0,29.554000000000002,29.564,cib,4.13,0.025,0.07,0.017
361,U1474,F,4,H,5,W,117.0,118.0,29.674,29.684,cib,3.91,0.031,0.37,0.032
361,U1474,F,4,H,5,W,129.0,130.0,29.794,29.804000000000002,cib,4.36,0.051,-0.26,0.026
361,U1474,F,4,H,5,W,142.0,143.0,29.924,29.934,cib,4.61,0.053,-0.45,0.049
361,U1474,F,4,H,6,W,4.0,5.0,30.044,30.054000000000002,cib,4.62,0.073,-0.24000000000000002,0.034
361,U1474,F,4,H,6,W,16.0,17.0,30.164,30.174000000000003,cib,4.54,0.054,0.09,0.036
361,U1474,F,4,H,6,W,28.0,29.0,30.284000000000002,30.294,cib,4.45,0.06,0.2,0.026
361,U1474,F,4,H,6,W,41.0,42.0,30.414,30.424000000000003,cib,4.2299999999999995,0.047,0.24,0.016
361,U1474,F,4,H,6,W,53.0,54.0,30.534000000000002,30.544,cib,4.2299999999999995,0.034,0.09,0.028
361,U1474,F,4,H,6,W,65.0,66.0,30.654,30.664,cib,4.36,0.024,-0.11000000000000001,0.016
361,U1474,A,4,H,5,W,15.0,16.0,31.145999999999997,31.156,cib,4.63,0.064,-0.38,0.023
361,U1474,A,4,H,5,W,88.0,89.0,31.875999999999998,31.886,uvi & cib,4.0473333333333334,0.04666666666666667,0.3463333333333333,0.02366666666666667
361,U1474,A,4,H,5,W,101.0,102.0,32.006,32.016,uvi & cib,3.7475,0.0285,0.5625,0.018
361,U1474,A,4,H,5,W,113.0,114.0,32.126,32.135999999999996,cib,3.5500000000000003,0.041,0.242,0.014
361,U1474,A,4,H,5,W,125.0,126.0,32.245999999999995,32.256,uvi & cib,3.9963333333333337,0.044000000000000004,-0.09966666666666668,0.018333333333333333
361,U1474,A,4,H,5,W,137.0,138.0,32.366,32.376,uvi & cib,4.523666666666666,0.054,-0.156,0.025333333333333333
361,U1474,A,4,H,5,W,150.0,151.0,32.495999999999995,32.506,uvi & cib,4.751666666666666,0.039,-0.6453333333333333,0.023000000000000003
361,U1474,A,4,H,6,W,12.0,13.0,32.616,32.626000000000005,uvi & cib,4.85975,0.0315,-0.4650000000000001,0.01875
361,U1474,A,4,H,6,W,24.0,25.0,32.736000000000004,32.746,uvi & cib,4.8036666666666665,0.028999999999999998,-0.4336666666666667,0.019
361,U1474,A,4,H,6,W,36.0,37.0,32.856,32.866,uvi & cib,4.77225,0.026000000000000002,-0.39775,0.02175
361,U1474,A,4,H,6,W,49.0,50.0,32.986000000000004,32.996,uvi & cib,4.66775,0.05975,-0.2725000000000001,0.02525
361,U1474,A,4,H,6,W,61.0,62.0,33.106,33.116,uvi & cib,4.5840000000000005,0.03833333333333333,-0.259,0.019
361,U1474,A,4,H,6,W,73.0,74.0,33.226,33.236000000000004,uvi & cib,4.5329999999999995,0.057749999999999996,-0.2995,0.03725
361,U1474,A,4,H,6,W,85.0,86.0,33.346000000000004,33.356,uvi & cib,4.417000000000001,0.027,-0.12633333333333338,0.018666666666666668
361,U1474,A,4,H,6,W,98.0,99.0,33.476,33.486000000000004,uvi & cib,4.25725,0.034999999999999996,0.1255,0.0205
361,U1474,A,4,H,6,W,110.0,111.0,33.596000000000004,33.606,uvi & cib,4.1963333333333335,0.027666666666666662,0.05699999999999999,0.016333333333333335
361,U1474,F,5,H,1,W,85.0,86.0,33.714,33.724,uvi & cib,3.8253333333333335,0.04066666666666666,0.3203333333333333,0.022000000000000002
361,U1474,F,5,H,1,W,97.0,98.0,33.833999999999996,33.843999999999994,uvi & cib,3.9410000000000003,0.03166666666666667,-0.028666666666666712,0.013333333333333334
361,U1474,F,5,H,1,W,109.0,110.0,33.954,33.964,uvi & cib,4.181,0.027,-0.08766666666666667,0.025666666666666667
361,U1474,F,5,H,1,W,122.0,123.0,34.083999999999996,34.093999999999994,uvi & cib,4.003333333333333,0.04033333333333333,-0.04533333333333334,0.023999999999999997
361,U1474,F,5,H,1,W,134.0,135.0,34.204,34.214,uvi & cib,3.984,0.025,-0.25200000000000006,0.021
361,U1474,F,5,H,1,W,146.0,147.0,34.324,34.333999999999996,uvi & cib,3.857666666666667,0.029666666666666664,0.2163333333333333,0.015333333333333332
361,U1474,F,5,H,2,W,8.0,9.0,34.443999999999996,34.454,uvi & cib,3.8770000000000002,0.056,0.4492499999999999,0.0205
361,U1474,F,5,H,2,W,21.0,22.0,34.574,34.583999999999996,uvi & cib,3.87575,0.05,-0.028250000000000025,0.02675
361,U1474,F,5,H,2,W,33.0,34.0,34.693999999999996,34.704,uvi & cib,3.8370000000000006,0.047,0.37279999999999996,0.022600000000000002
361,U1474,F,5,H,2,W,45.0,46.0,34.814,34.824,uvi & cib,3.8,0.0368,0.15619999999999995,0.016599999999999997
361,U1474,F,5,H,2,W,57.0,58.0,34.934,34.943999999999996,uvi & cib,3.658,0.0428,0.036199999999999975,0.02
361,U1474,F,5,H,2,W,70.0,71.0,35.064,35.074,uvi & cib,4.6739999999999995,0.068,-0.38150000000000006,0.03775
361,U1474,F,5,H,2,W,82.0,83.0,35.184,35.193999999999996,uvi & cib,4.757,0.03575,-0.56925,0.02625
361,U1474,F,5,H,2,W,94.0,95.0,35.303999999999995,35.314,uvi & cib,4.9145,0.0305,-0.4590000000000001,0.0135
361,U1474,F,5,H,2,W,106.0,107.0,35.424,35.434,uvi & cib,4.797,0.041,-0.501,0.033
361,U1474,F,5,H,2,W,119.0,120.0,35.553999999999995,35.564,uvi & cib,4.575,0.036500000000000005,-0.38550000000000006,0.017
361,U1474,F,5,H,2,W,143.0,144.0,35.794,35.803999999999995,uvi & cib,4.6705000000000005,0.034499999999999996,-0.7210000000000001,0.0185
361,U1474,F,5,H,3,W,5.0,6.0,35.913999999999994,35.924,uvi & cib,4.6995000000000005,0.051500000000000004,-0.5195000000000001,0.0195
361,U1474,F,5,H,3,W,18.0,19.0,36.044,36.053999999999995,uvi & cib,4.73825,0.059,-0.58775,0.02225
361,U1474,F,5,H,3,W,30.0,31.0,36.163999999999994,36.174,uvi & cib,4.63275,0.04525,-0.5115000000000001,0.031
361,U1474,F,5,H,3,W,42.0,43.0,36.284,36.294,uvi & cib,4.391333333333333,0.033,-0.05300000000000004,0.014666666666666666
361,U1474,F,5,H,3,W,54.0,55.0,36.403999999999996,36.413999999999994,uvi & cib,4.223,0.037333333333333336,-0.211,0.022333333333333334
361,U1474,F,5,H,3,W,67.0,68.0,36.534,36.544,uvi & cib,4.161,0.06575,-0.039750000000000014,0.0275
361,U1474,F,5,H,3,W,79.0,80.0,36.653999999999996,36.663999999999994,uvi & cib,4.38375,0.06375,-0.23175000000000007,0.03325
361,U1474,F,5,H,3,W,91.0,92.0,36.773999999999994,36.784,uvi & cib,4.707333333333334,0.051666666666666666,-0.9976666666666666,0.024333333333333335
361,U1474,F,5,H,3,W,103.0,104.0,36.894,36.903999999999996,uvi & cib,4.80575,0.052500000000000005,-0.66125,0.028249999999999997
361,U1474,F,5,H,3,W,115.0,116.0,37.013999999999996,37.023999999999994,uvi,4.656,0.097,-0.8119999999999999,0.025
361,U1474,F,5,H,3,W,128.0,129.0,37.144,37.153999999999996,uvi & cib,4.6025,0.065,-0.7889999999999999,0.041999999999999996
361,U1474,F,5,H,3,W,140.0,141.0,37.263999999999996,37.273999999999994,uvi & cib,4.5280000000000005,0.0475,-0.5150000000000001,0.023
361,U1474,F,5,H,4,W,2.0,3.0,37.384,37.394,uvi & cib,4.444333333333334,0.043666666666666666,-0.4590000000000001,0.02033333333333333
361,U1474,F,5,H,4,W,14.0,15.0,37.504,37.513999999999996,uvi & cib,4.241999999999999,0.061,-0.326,0.028999999999999998
361,U1474,F,5,H,4,W,15.0,16.0,37.513999999999996,37.523999999999994,uvi,4.395,0.055,-0.19099999999999995,0.011
361,U1474,F,5,H,4,W,27.0,28.0,37.634,37.644,uvi & cib,4.3373333333333335,0.04766666666666667,-0.395,0.026
361,U1474,F,5,H,4,W,39.0,40.0,37.754,37.763999999999996,uvi & cib,4.199333333333333,0.067,-0.18566666666666667,0.03766666666666667
361,U1474,F,5,H,4,W,51.0,52.0,37.873999999999995,37.884,uvi & cib,3.9003333333333337,0.06266666666666666,0.1273333333333333,0.026333333333333334
361,U1474,F,5,H,4,W,63.0,64.0,37.994,38.004,uvi & cib,3.99,0.04,0.17699999999999994,0.0175
361,U1474,F,5,H,4,W,76.0,77.0,38.123999999999995,38.134,uvi & cib,3.8673333333333333,0.03333333333333333,0.21299999999999997,0.018333333333333337
361,U1474,F,5,H,4,W,88.0,89.0,38.244,38.254,uvi & cib,3.636333333333333,0.05266666666666667,0.3476666666666666,0.028333333333333335
361,U1474,F,5,H,4,W,112.0,113.0,38.483999999999995,38.494,uvi & cib,3.444,0.07766666666666666,0.365,0.042666666666666665
361,U1474,F,5,H,4,W,125.0,126.0,38.614,38.623999999999995,cib,3.462,0.039,0.438,0.018
361,U1474,F,5,H,4,W,137.0,138.0,38.733999999999995,38.744,cib,3.48,0.036,0.292,0.017
361,U1474,F,5,H,4,W,149.0,150.0,38.854,38.864,uvi & cib,3.6109999999999998,0.06075,0.04099999999999998,0.03175
361,U1474,F,5,H,5,W,11.0,12.0,38.974,38.983999999999995,uvi & cib,4.3053333333333335,0.050333333333333334,-0.4413333333333333,0.030666666666666665
361,U1474,F,5,H,5,W,36.0,37.0,39.224,39.233999999999995,uvi & cib,4.476833333333333,0.07383333333333333,-0.15700000000000006,0.022500000000000003
361,U1474,F,5,H,5,W,48.0,49.0,39.343999999999994,39.354,uvi & cib,4.5466,0.05600000000000001,-0.020799999999999996,0.023799999999999998
361,U1474,F,5,H,5,W,60.0,61.0,39.464,39.474,uvi & cib,4.30525,0.068,-0.07375000000000004,0.031
361,U1474,F,5,H,5,W,73.0,74.0,39.593999999999994,39.604,uvi & cib,4.091,0.037,0.3539999999999999,0.021
361,U1474,F,5,H,5,W,85.0,86.0,39.714,39.724,uvi & cib,3.958,0.0385,0.08049999999999996,0.015
361,U1474,F,5,H,5,W,97.0,98.0,39.833999999999996,39.843999999999994,uvi & cib,4.0185,0.0235,0.12199999999999996,0.0125
361,U1474,F,5,H,5,W,109.0,110.0,39.954,39.964,uvi & cib,3.9050000000000002,0.024,-0.056999999999999995,0.02
361,U1474,F,5,H,5,W,121.0,122.0,40.074,40.083999999999996,uvi & cib,4.1259999999999994,0.0315,-0.1605,0.020999999999999998
361,U1474,F,5,H,5,W,134.0,135.0,40.204,40.214,uvi & cib,4.1075,0.0335,0.13149999999999998,0.019999999999999997
361,U1474,F,5,H,5,W,146.0,147.0,40.324,40.333999999999996,uvi & cib,4.2695,0.0375,0.010999999999999968,0.0185
361,U1474,F,5,H,6,W,20.0,21.0,40.564,40.574,uvi & cib,4.397,0.0455,-0.03899999999999998,0.026
361,U1474,F,5,H,6,W,33.0,34.0,40.693999999999996,40.704,uvi & cib,4.2605,0.031,0.000999999999999987,0.014499999999999999
361,U1474,F,5,H,6,W,45.0,46.0,40.814,40.824,uvi & cib,4.111666666666666,0.04466666666666667,-0.1376666666666667,0.015
361,U1474,F,5,H,6,W,57.0,58.0,40.934,40.943999999999996,uvi & cib,4.0225,0.052500000000000005,0.40449999999999997,0.0265
361,U1474,F,5,H,6,W,69.0,70.0,41.053999999999995,41.064,uvi & cib,3.962,0.0555,0.2655,0.0285
361,U1474,F,5,H,6,W,82.0,83.0,41.184,41.193999999999996,uvi & cib,3.936,0.039,0.256,0.025
361,U1474,F,5,H,6,W,94.0,95.0,41.303999999999995,41.314,uvi & cib,3.746,0.0475,0.474,0.0225
361,U1474,F,5,H,6,W,106.0,107.0,41.424,41.434,uvi & cib,4.3919999999999995,0.034499999999999996,-0.03950000000000005,0.02
361,U1474,F,5,H,6,W,118.0,119.0,41.544,41.553999999999995,uvi & cib,4.346500000000001,0.036000000000000004,0.13099999999999995,0.0135
361,U1474,F,5,H,6,W,131.0,132.0,41.674,41.684,uvi & cib,4.3255,0.035,-0.10450000000000004,0.019
361,U1474,F,5,H,6,W,143.0,144.0,41.794,41.803999999999995,uvi & cib,4.2989999999999995,0.041999999999999996,-0.10750000000000001,0.0215
361,U1474,D,6,H,1,W,142.0,143.0,41.919000000000004,41.929,uvi & cib,3.8505000000000003,0.040999999999999995,0.2275,0.022
361,U1474,D,6,H,2,W,4.0,5.0,42.039,42.049,uvi & cib,3.9985,0.028499999999999998,0.2845,0.0155
361,U1474,D,6,H,2,W,17.0,18.0,42.169000000000004,42.179,uvi & cib,3.994,0.046,0.3075,0.0245
361,U1474,D,6,H,2,W,29.0,30.0,42.289,42.299,uvi & cib,3.712,0.025,0.5775,0.0105
361,U1474,D,6,H,2,W,41.0,42.0,42.409,42.419000000000004,uvi & cib,3.8925,0.037000000000000005,0.22899999999999995,0.015
361,U1474,D,6,H,2,W,53.0,54.0,42.529,42.539,uvi & cib,4.2546,0.0514,0.03719999999999998,0.017599999999999998
361,U1474,D,6,H,2,W,66.0,67.0,42.659,42.669000000000004,uvi & cib,4.5504999999999995,0.037500000000000006,-0.20650000000000004,0.018
361,U1474,D,6,H,2,W,78.0,79.0,42.779,42.789,uvi & cib,4.5634999999999994,0.0315,-0.05300000000000002,0.018500000000000003
361,U1474,D,6,H,2,W,90.0,91.0,42.899,42.909,uvi & cib,4.4885,0.038,-0.201,0.018000000000000002
361,U1474,D,6,H,3,W,13.0,14.0,43.629000000000005,43.639,uvi & cib,4.356999999999999,0.045,-0.30500000000000005,0.014499999999999999
361,U1474,D,6,H,3,W,26.0,27.0,43.759,43.769000000000005,uvi & cib,4.306,0.0345,-0.14500000000000002,0.017
361,U1474,D,6,H,3,W,38.0,39.0,43.879000000000005,43.889,uvi & cib,4.25,0.028,-0.05,0.0215
361,U1474,D,6,H,3,W,50.0,51.0,43.999,44.009,uvi & cib,4.0815,0.040499999999999994,0.2395,0.020999999999999998
361,U1474,D,6,H,3,W,62.0,63.0,44.119,44.129000000000005,uvi & cib,3.688,0.035,0.5495,0.0135
361,U1474,D,6,H,3,W,75.0,76.0,44.249,44.259,uvi & cib,3.424,0.036,0.5035,0.018000000000000002
361,U1474,D,6,H,3,W,87.0,88.0,44.369,44.379000000000005,uvi & cib,3.4175,0.031,0.631,0.013
361,U1474,D,6,H,3,W,99.0,100.0,44.489000000000004,44.499,uvi & cib,3.3899999999999997,0.03,0.424,0.015
361,U1474,D,6,H,3,W,111.0,112.0,44.609,44.619,uvi & cib,3.3785,0.0355,0.44899999999999995,0.0185
361,U1474,D,6,H,3,W,124.0,125.0,44.739000000000004,44.749,uvi & cib,3.5093333333333336,0.04733333333333333,0.5933333333333333,0.01966666666666667
361,U1474,D,6,H,3,W,136.0,137.0,44.859,44.869,cib,3.818,0.057,0.40199999999999997,0.023
361,U1474,D,6,H,3,W,148.0,149.0,44.979,44.989000000000004,uvi & cib,3.904,0.0335,0.589,0.019
361,U1474,D,6,H,4,W,10.32,11.32,45.1022,45.1122,cib,3.9970000000000003,0.033,0.362,0.014
361,U1474,D,6,H,4,W,22.56,23.56,45.2246,45.2346,uvi & cib,4.2044999999999995,0.04,0.3384999999999999,0.0225
361,U1474,D,6,H,4,W,34.8,35.8,45.347,45.357,uvi & cib,4.2305,0.04,0.07149999999999997,0.010499999999999999
361,U1474,D,6,H,4,W,47.04,48.04,45.4694,45.479400000000005,uvi & cib,4.297000000000001,0.042499999999999996,-0.05750000000000002,0.015
361,U1474,D,6,H,4,W,59.28,60.28,45.5918,45.601800000000004,uvi & cib,4.268,0.0415,-0.035,0.0185
361,U1474,D,6,H,4,W,71.52,72.52,45.714200000000005,45.7242,uvi & cib,4.148,0.0435,0.10249999999999995,0.0225
361,U1474,D,6,H,4,W,83.76,84.76,45.836600000000004,45.8466,uvi & cib,3.9099999999999997,0.0395,0.43099999999999994,0.02
361,U1474,D,6,H,4,W,96.0,97.0,45.959,45.969,uvi & cib,3.678,0.027999999999999997,0.4245,0.014
361,U1474,D,6,H,4,W,108.24,109.24,46.0814,46.0914,cib,3.904,0.048,0.297,0.023
361,U1474,D,6,H,4,W,120.48,121.48,46.2038,46.2138,uvi & cib,4.0635,0.044,0.282,0.018500000000000003
361,U1474,D,6,H,4,W,132.72,133.72,46.3262,46.336200000000005,uvi & cib,4.4395,0.0455,-0.28700000000000003,0.023
361,U1474,D,6,H,4,W,144.96,145.96,46.4486,46.458600000000004,uvi & cib,4.372999999999999,0.0635,-0.24950000000000006,0.0145
361,U1474,D,6,H,5,W,7.2,8.2,46.571000000000005,46.581,uvi & cib,4.6745,0.0505,-0.3315,0.0225
361,U1474,D,6,H,5,W,19.44,20.44,46.693400000000004,46.7034,uvi & cib,4.505,0.036000000000000004,-0.35200000000000004,0.018000000000000002
361,U1474,D,6,H,5,W,31.68,32.68,46.8158,46.8258,uvi & cib,4.678,0.043,-0.30700000000000005,0.015
361,U1474,D,6,H,5,W,43.92,44.92,46.9382,46.9482,uvi & cib,4.4885,0.046,-0.16400000000000003,0.021
361,U1474,D,6,H,5,W,56.16,57.16,47.0606,47.0706,uvi & cib,4.0675,0.0375,0.14250000000000002,0.0125
361,U1474,D,6,H,5,W,68.4,69.4,47.183,47.193000000000005,uvi & cib,4.0835,0.0605,-0.06500000000000003,0.022
361,U1474,D,6,H,5,W,80.64,81.64,47.305400000000006,47.315400000000004,uvi & cib,4.2204999999999995,0.052,0.23,0.015
361,U1474,D,6,H,5,W,92.88,93.88,47.427800000000005,47.4378,uvi & cib,4.009,0.08299999999999999,0.5569999999999999,0.052
361,U1474,D,6,H,5,W,93.0,94.0,47.429,47.439,uvi & cib,4.006,0.052500000000000005,0.09999999999999999,0.022
361,U1474,D,6,H,5,W,105.12,106.12,47.550200000000004,47.5602,uvi & cib,3.8970000000000002,0.039999999999999994,0.4425,0.019
361,U1474,D,6,H,5,W,117.36,118.36,47.6726,47.6826,uvi & cib,3.8840000000000003,0.055,0.22649999999999998,0.02
361,U1474,D,6,H,5,W,129.6,130.6,47.795,47.805,uvi & cib,3.859,0.0395,0.709,0.0195
361,U1474,D,6,H,6,W,4.08,5.08,48.0398,48.049800000000005,cib,3.605,0.06,0.6819999999999999,0.022
361,U1474,D,6,H,6,W,16.0,17.0,48.159,48.169000000000004,cib,3.692,0.062,0.359,0.019
361,U1474,D,6,H,6,W,16.32,17.32,48.162200000000006,48.172200000000004,cib,,0.081,,0.061
361,U1474,D,6,H,6,W,28.56,29.56,48.284600000000005,48.2946,uvi & cib,3.6510000000000002,0.056499999999999995,0.5635,0.018500000000000003
361,U1474,D,6,H,6,W,40.8,41.8,48.407000000000004,48.417,uvi & cib,3.5725000000000002,0.0615,0.714,0.018500000000000003
361,U1474,D,6,H,6,W,53.0,54.0,48.529,48.539,cib,3.512,0.045,0.6120000000000001,0.027
361,U1474,D,6,H,6,W,53.04,54.04,48.5294,48.5394,uvi & cib,3.599,0.058499999999999996,0.8815,0.035
361,U1474,D,6,H,6,W,65.28,66.28,48.6518,48.6618,uvi & cib,3.6270000000000002,0.04666666666666667,0.6880000000000001,0.028
361,U1474,D,6,H,6,W,77.52,78.52,48.7742,48.784200000000006,uvi & cib,3.7335000000000003,0.062,0.6285,0.018
361,U1474,D,6,H,6,W,89.76,90.76,48.8966,48.906600000000005,uvi & cib,3.802,0.0685,0.355,0.0225
361,U1474,D,6,H,6,W,90.0,91.0,48.899,48.909,cib,3.792,0.068,0.44099999999999995,0.016
