Top Depth CCSF (m),Exp,Site,Hole,Core,Type,Section,Top Offset (cm),Bottom Offset (cm),Bottom Depth CCSF (m),Thickness (cm),Label,N,N (new),SectionLabel
53.321,306,1313,B,6,H,3,7.1,8.0,53.33,0.9000000000000341,0.0,500,0,1313B_6H3
37.406,306,1313,C,5,H,2,16.6,16.9,37.409,0.3000000000000113,0.0,273,1,1313C_5H2
34.998999999999995,306,1313,B,4,H,4,104.9,105.7,35.007,0.8000000000002672,0.0,222,2,1313B_4H4
38.636,306,1313,C,5,H,2,139.6,141.4,38.654,1.8000000000000682,,281,3,1313C_5H2
10.845000000000004,306,1313,C,2,H,6,21.5,24.3,10.873000000000005,2.800000000000047,,34,4,1313C_2H6
37.527,306,1313,C,5,H,2,28.7,29.0,37.53,0.3000000000000113,,274,5,1313C_5H2
8.197000000000001,306,1313,C,2,H,4,56.7,59.5,8.225000000000001,2.800000000000047,,13,6,1313C_2H4
38.661,306,1313,C,5,H,2,142.1,144.1,38.681,1.999999999999602,,283,7,1313C_5H2
34.92399999999999,306,1313,B,4,H,4,97.4,99.2,34.942,1.8000000000007788,,218,8,1313B_4H4
47.852,306,1313,B,5,H,5,125.2,128.0,47.88,2.80000000000058,,432,9,1313B_5H5
35.00899999999999,306,1313,B,4,H,4,105.9,107.0,35.019999999999996,1.1000000000002783,,223,10,1313B_4H4
43.631,306,1313,C,5,H,6,39.1,41.5,43.655,2.400000000000091,,352,11,1313C_5H6
43.414,306,1313,C,5,H,6,17.4,20.3,43.443000000000005,2.9000000000003467,,348,12,1313C_5H6
19.501,306,1313,C,3,H,4,136.1,137.9,19.519,1.799999999999713,,93,13,1313C_3H4
6.883000000000001,306,1313,C,2,H,3,75.3,76.4,6.894000000000001,1.100000000000012,,7,14,1313C_2H3
36.702,306,1313,C,5,H,1,96.2,97.4,36.71399999999999,1.199999999999335,,257,15,1313C_5H1
53.135,306,1313,B,6,H,2,138.5,138.7,53.137,0.2000000000002444,,491,16,1313B_6H2
39.434000000000005,306,1313,C,5,H,3,69.4,72.3,39.463,2.899999999999636,,305,17,1313C_5H3
22.37,306,1313,B,3,H,3,127.0,127.6,22.376,0.6000000000000227,,123,18,1313B_3H3
10.992000000000004,306,1313,C,2,H,6,36.2,36.4,10.994000000000003,0.1999999999998891,,38,19,1313C_2H6
32.284,306,1313,B,4,H,2,133.4,134.9,32.299,1.5000000000000568,,176,20,1313B_4H2
52.772,306,1313,B,6,H,2,102.2,104.8,52.798,2.6000000000003354,,480,21,1313B_6H2
32.122,306,1313,B,4,H,2,117.2,119.1,32.141,1.8999999999998352,,170,22,1313B_4H2
53.622,306,1313,B,6,H,3,37.2,39.8,53.648,2.6000000000003354,,513,23,1313B_6H3
44.399,306,1313,C,5,H,6,115.9,116.8,44.408,0.9000000000000341,,380,24,1313C_5H6
34.553999999999995,306,1313,B,4,H,4,60.4,62.0,34.56999999999999,1.5999999999998238,,207,25,1313B_4H4
54.813,306,1313,B,6,H,4,6.3,7.2,54.822,0.9000000000000341,,527,26,1313B_6H4
47.881,306,1313,B,5,H,5,128.1,131.4,47.914,3.300000000000125,,433,27,1313B_5H5
8.484000000000002,306,1313,C,2,H,4,85.4,87.2,8.502000000000002,1.8000000000000682,,20,28,1313C_2H4
35.263999999999996,306,1313,B,4,H,4,131.4,132.8,35.278,1.40000000000029,,232,29,1313B_4H4
40.527,306,1313,C,5,H,4,28.7,29.4,40.534,0.6999999999997897,,315,30,1313C_5H4
51.299,306,1313,B,6,H,1,104.9,107.3,51.323,2.400000000000091,,463,31,1313B_6H1
28.29,306,1313,C,4,H,3,79.0,79.8,28.298,0.7999999999999119,,142,32,1313C_4H3
39.355,306,1313,C,5,H,3,61.5,64.8,39.388000000000005,3.3000000000008356,,304,33,1313C_5H3
49.30200000000001,306,1313,C,6,H,3,86.2,88.2,49.322,1.999999999999602,,447,34,1313C_6H3
54.806,306,1313,B,6,H,4,5.6,6.2,54.812,0.6000000000000227,,526,35,1313B_6H4
45.92,306,1313,B,5,H,4,82.0,83.6,45.936,1.5999999999998238,,408,36,1313B_5H4
53.331,306,1313,B,6,H,3,8.1,8.8,53.338,0.6999999999997897,,501,37,1313B_6H3
52.996,306,1313,B,6,H,2,124.6,126.0,53.01,1.3999999999995794,,488,38,1313B_6H2
49.71000000000001,306,1313,C,6,H,3,127.0,127.7,49.717000000000006,0.6999999999997897,,453,39,1313C_6H3
19.546,306,1313,C,3,H,4,140.6,141.1,19.551,0.4999999999999005,,95,40,1313C_3H4
43.809000000000005,306,1313,C,5,H,6,56.9,58.1,43.821000000000005,1.2000000000000457,,354,41,1313C_5H6
53.152,306,1313,B,6,H,2,140.2,141.4,53.164,1.2000000000000457,,493,42,1313B_6H2
44.046,306,1313,C,5,H,6,80.6,81.1,44.051,0.5000000000002558,,367,43,1313C_5H6
13.688000000000002,306,1313,B,2,H,5,2.8,3.0,13.69,0.1999999999997115,,56,44,1313B_2H5
10.967000000000004,306,1313,C,2,H,6,33.7,36.1,10.991000000000003,2.400000000000091,,37,45,1313C_2H6
42.929,306,1313,C,5,H,5,118.9,119.5,42.935,0.6000000000000227,,346,46,1313C_5H5
36.748,306,1313,C,5,H,1,100.8,102.2,36.76199999999999,1.3999999999995794,,259,47,1313C_5H1
20.947999999999997,306,1313,C,3,H,5,130.8,132.4,20.964,1.600000000000179,,119,48,1313C_3H5
43.883,306,1313,C,5,H,6,64.3,64.5,43.885000000000005,0.2000000000002444,,359,49,1313C_5H6
8.435000000000002,306,1313,C,2,H,4,80.5,81.1,8.441000000000003,0.6000000000000227,,19,50,1313C_2H4
11.241000000000003,306,1313,C,2,H,6,61.1,62.1,11.251000000000005,1.0000000000001563,,51,51,1313C_2H6
32.047999999999995,306,1313,B,4,H,2,109.8,111.8,32.068000000000005,2.000000000001023,,165,52,1313B_4H2
51.351,306,1313,B,6,H,1,110.1,111.4,51.364,1.2999999999998124,,464,53,1313B_6H1
42.942,306,1313,C,5,H,5,120.2,120.8,42.948,0.6000000000000227,,347,54,1313C_5H5
43.843,306,1313,C,5,H,6,60.3,61.6,43.856,1.2999999999998124,,357,55,1313C_5H6
29.043,306,1313,C,4,H,4,4.3,4.9,29.049,0.6000000000000227,,153,56,1313C_4H4
46.07,306,1313,B,5,H,4,97.0,97.7,46.077,0.6999999999997897,,415,57,1313B_5H4
19.222,306,1313,C,3,H,4,108.2,109.6,19.236,1.3999999999999346,,82,58,1313C_3H4
46.034,306,1313,B,5,H,4,93.4,96.9,46.069,3.5000000000003695,,414,59,1313B_5H4
19.152,306,1313,C,3,H,4,101.2,103.4,19.174,2.1999999999998465,,78,60,1313C_3H4
44.437000000000005,306,1313,C,5,H,6,119.7,121.3,44.453,1.5999999999998238,,382,61,1313C_5H6
32.303,306,1313,B,4,H,2,135.3,136.0,32.31,0.7000000000005002,,177,62,1313B_4H2
19.365,306,1313,C,3,H,4,122.5,124.0,19.38,1.5000000000000568,,89,63,1313C_3H4
28.767,306,1313,C,4,H,3,126.7,128.3,28.783,1.600000000000179,,150,64,1313C_4H3
37.248000000000005,306,1313,C,5,H,2,0.8,2.2,37.262,1.3999999999995794,,266,65,1313C_5H2
45.608,306,1313,B,5,H,4,50.8,51.6,45.616,0.8000000000002672,,394,66,1313B_5H4
43.568000000000005,306,1313,C,5,H,6,32.8,33.2,43.572,0.3999999999997783,,350,67,1313C_5H6
55.325,306,1313,B,6,H,4,57.5,58.4,55.334,0.9000000000000341,,537,68,1313B_6H4
18.554,306,1313,C,3,H,4,41.4,46.2,18.602,4.800000000000182,,62,69,1313C_3H4
10.057,306,1313,C,2,H,5,92.7,95.6,10.086,2.900000000000169,,31,70,1313C_2H5
53.144,306,1313,B,6,H,2,139.4,139.8,53.148,0.4000000000004888,,492,71,1313B_6H2
49.13700000000001,306,1313,C,6,H,3,69.7,70.2,49.142,0.4999999999995452,,441,72,1313C_6H3
11.125000000000004,306,1313,C,2,H,6,49.5,50.4,11.134000000000004,0.9000000000000341,,46,73,1313C_2H6
34.943,306,1313,B,4,H,4,99.3,100.1,34.95099999999999,0.7999999999995566,,219,74,1313B_4H4
42.733,306,1313,C,5,H,5,99.3,100.7,42.747,1.40000000000029,,343,75,1313C_5H5
54.828,306,1313,B,6,H,4,7.8,9.0,54.84,1.2000000000000457,,528,76,1313B_6H4
36.669,306,1313,C,5,H,1,92.9,93.5,36.675,0.6000000000000227,,255,77,1313C_5H1
46.544,306,1313,B,5,H,4,144.4,144.9,46.549,0.5000000000002558,,421,78,1313B_5H4
10.997000000000003,306,1313,C,2,H,6,36.7,37.4,11.004000000000003,0.6999999999999673,,39,79,1313C_2H6
19.578,306,1313,C,3,H,4,143.8,144.1,19.581,0.3000000000000113,,97,80,1313C_3H4
6.700000000000001,306,1313,C,2,H,3,57.0,59.7,6.727,2.6999999999999247,,4,81,1313C_2H3
38.580000000000005,306,1313,C,5,H,2,134.0,136.7,38.607,2.699999999999392,,278,82,1313C_5H2
50.101000000000006,306,1313,C,6,H,4,16.1,16.5,50.105,0.3999999999990677,,459,83,1313C_6H4
47.940000000000005,306,1313,B,5,H,5,134.0,136.1,47.961,2.099999999999369,,435,84,1313B_5H5
43.973,306,1313,C,5,H,6,73.3,74.0,43.98,0.6999999999997897,,363,85,1313C_5H6
31.997,306,1313,B,4,H,2,104.7,107.5,32.025,2.7999999999998693,,163,86,1313B_4H2
8.192000000000002,306,1313,C,2,H,4,56.2,56.6,8.196000000000002,0.3999999999999559,,12,87,1313C_2H4
38.976,306,1313,C,5,H,3,23.6,24.5,38.985,0.9000000000000341,,297,88,1313C_5H3
39.676,306,1313,C,5,H,3,93.6,95.1,39.691,1.5000000000000568,,309,89,1313C_5H3
28.426,306,1313,C,4,H,3,92.6,93.0,28.43,0.4000000000001336,,144,90,1313C_4H3
37.597,306,1313,C,5,H,2,35.7,36.8,37.608,1.099999999999568,,275,91,1313C_5H2
28.629,306,1313,C,4,H,3,112.9,114.6,28.646,1.699999999999946,,146,92,1313C_4H3
53.665,306,1313,B,6,H,3,41.5,44.6,53.696,3.0999999999998806,,515,93,1313B_6H3
40.467,306,1313,C,5,H,4,22.7,23.5,40.475,0.8000000000002672,,313,94,1313C_5H4
43.886,306,1313,C,5,H,6,64.6,66.3,43.903,1.6999999999995907,,360,95,1313C_5H6
23.05,306,1313,B,3,H,4,45.0,47.9,23.079,2.8999999999999915,,125,96,1313B_3H4
18.99,306,1313,C,3,H,4,85.0,86.9,19.009,1.9000000000001904,,72,97,1313C_3H4
34.86299999999999,306,1313,B,4,H,4,91.3,91.6,34.86599999999999,0.3000000000000113,,216,98,1313B_4H4
38.692,306,1313,C,5,H,2,145.2,146.4,38.704,1.2000000000000457,,284,99,1313C_5H2
37.377,306,1313,C,5,H,2,13.7,14.1,37.381,0.3999999999997783,,272,100,1313C_5H2
33.956999999999994,306,1313,B,4,H,4,0.7,2.0,33.97,1.300000000000523,,205,101,1313B_4H4
49.166,306,1313,C,6,H,3,72.6,75.5,49.19500000000001,2.9000000000010573,,443,102,1313C_6H3
49.678999999999995,306,1313,C,6,H,3,123.9,125.9,49.699000000000005,2.000000000001023,,452,103,1313C_6H3
8.502000000000002,306,1313,C,2,H,4,87.2,89.7,8.527000000000001,2.499999999999858,,21,104,1313C_2H4
50.242,306,1313,C,6,H,4,30.2,31.8,50.258,1.6000000000005343,,460,105,1313C_6H4
42.035,306,1313,C,5,H,5,29.5,30.1,42.041,0.6000000000000227,,338,106,1313C_5H5
38.746,306,1313,C,5,H,3,0.6,1.2,38.752,0.6000000000000227,,287,107,1313C_5H3
55.405,306,1313,B,6,H,4,65.5,67.7,55.427,2.1999999999998465,,543,108,1313B_6H4
19.946,306,1313,C,3,H,5,30.6,31.7,19.956999999999997,1.099999999999568,,105,109,1313C_3H5
36.986999999999995,306,1313,C,5,H,1,124.7,125.5,36.995,0.8000000000002672,,260,110,1313C_5H1
20.731999999999996,306,1313,C,3,H,5,109.2,109.6,20.735999999999997,0.4000000000001336,,118,111,1313C_3H5
41.129,306,1313,C,5,H,4,88.9,92.6,41.166,3.700000000000614,,319,112,1313C_5H4
44.073,306,1313,C,5,H,6,83.3,86.1,44.101,2.7999999999998693,,369,113,1313C_5H6
49.26500000000001,306,1313,C,6,H,3,82.5,83.2,49.272000000000006,0.6999999999997897,,446,114,1313C_6H3
4.094158878504673,306,1313,B,1,H,3,97.5,97.6,4.095158878504673,0.1000000000000334,,0,115,1313B_1H3
38.79,306,1313,C,5,H,3,5.0,8.1,38.821000000000005,3.100000000000591,,290,116,1313C_5H3
24.007,306,1313,B,3,H,4,140.7,142.4,24.024,1.699999999999946,,131,117,1313B_3H4
51.152,306,1313,B,6,H,1,90.2,91.7,51.167,1.5000000000000568,,462,118,1313B_6H1
44.345,306,1313,C,5,H,6,110.5,111.1,44.351,0.6000000000000227,,376,119,1313C_5H6
39.638000000000005,306,1313,C,5,H,3,89.8,90.4,39.644000000000005,0.6000000000000227,,308,120,1313C_5H3
52.911,306,1313,B,6,H,2,116.1,116.5,52.915,0.3999999999997783,,486,121,1313B_6H2
36.68299999999999,306,1313,C,5,H,1,94.3,94.7,36.687,0.4000000000004888,,256,122,1313C_5H1
36.56499999999999,306,1313,C,5,H,1,82.5,84.9,36.589000000000006,2.400000000001512,,249,123,1313C_5H1
45.675,306,1313,B,5,H,4,57.5,58.4,45.684000000000005,0.9000000000007446,,397,124,1313B_5H4
4.194158878504672,306,1313,B,1,H,3,107.5,108.9,4.208158878504673,1.4000000000000234,,1,125,1313B_1H3
39.147000000000006,306,1313,C,5,H,3,40.7,42.3,39.163,1.5999999999991132,,301,126,1313C_5H3
48.262,306,1313,B,5,H,6,16.2,16.8,48.268,0.6000000000000227,,439,127,1313B_5H6
54.870999999999995,306,1313,B,6,H,4,12.1,16.5,54.915,4.400000000000404,,531,128,1313B_6H4
24.458,306,1313,B,3,H,5,35.8,37.6,24.476000000000003,1.8000000000004237,,134,129,1313B_3H5
47.803,306,1313,B,5,H,5,120.3,122.0,47.82,1.7000000000003013,,430,130,1313B_5H5
34.75899999999999,306,1313,B,4,H,4,80.9,81.6,34.766,0.7000000000005002,,212,131,1313B_4H4
54.84,306,1313,B,6,H,4,9.0,10.5,54.855,1.4999999999993463,,529,132,1313B_6H4
45.559000000000005,306,1313,B,5,H,4,45.9,47.7,45.577000000000005,1.8000000000000682,,391,133,1313B_5H4
19.552,306,1313,C,3,H,4,141.2,143.7,19.577,2.499999999999858,,96,134,1313C_3H4
45.394000000000005,306,1313,C,5,H,7,65.4,68.3,45.423,2.899999999999636,,389,135,1313C_5H7
38.779,306,1313,C,5,H,3,3.9,4.9,38.789,0.999999999999801,,289,136,1313C_5H3
35.407,306,1313,B,4,H,4,145.7,146.5,35.415,0.8000000000002672,,239,137,1313B_4H4
19.2,306,1313,C,3,H,4,106.0,108.1,19.221,2.1000000000000796,,81,138,1313C_3H4
43.753,306,1313,C,5,H,6,51.3,56.5,43.805,5.19999999999996,,353,139,1313C_5H6
41.864,306,1313,C,5,H,5,12.4,13.9,41.879000000000005,1.5000000000007674,,333,140,1313C_5H5
19.647999999999996,306,1313,C,3,H,5,0.8,2.2,19.661999999999995,1.3999999999999346,,101,141,1313C_3H5
45.617,306,1313,B,5,H,4,51.7,55.7,45.657,3.9999999999999143,,395,142,1313B_5H4
45.262,306,1313,C,5,H,7,52.2,54.4,45.284,2.1999999999998465,,388,143,1313C_5H7
39.163999999999994,306,1313,C,5,H,3,42.4,45.9,39.199000000000005,3.50000000000108,,302,144,1313C_5H3
8.237000000000002,306,1313,C,2,H,4,60.7,63.3,8.263000000000002,2.59999999999998,,14,145,1313C_2H4
19.467,306,1313,C,3,H,4,132.7,133.4,19.474,0.700000000000145,,91,146,1313C_3H4
41.167,306,1313,C,5,H,4,92.7,93.6,41.176,0.9000000000000341,,320,147,1313C_5H4
19.175,306,1313,C,3,H,4,103.5,104.9,19.189,1.3999999999999346,,79,148,1313C_3H4
32.088,306,1313,B,4,H,2,113.8,114.8,32.098,0.999999999999801,,168,149,1313B_4H2
18.77,306,1313,C,3,H,4,63.0,63.6,18.776,0.6000000000000227,,66,150,1313C_3H4
53.103,306,1313,B,6,H,2,135.3,138.1,53.131,2.7999999999998693,,490,151,1313B_6H2
49.952000000000005,306,1313,C,6,H,4,1.2,2.3,49.96300000000001,1.1000000000002783,,457,152,1313C_6H4
45.939,306,1313,B,5,H,4,83.9,85.4,45.954,1.5000000000000568,,409,153,1313B_5H4
38.436,306,1313,C,5,H,2,119.6,119.8,38.438,0.2000000000002444,,276,154,1313C_5H2
54.659,306,1313,B,6,H,3,140.9,143.0,54.68,2.1000000000000796,,523,155,1313B_6H3
35.16,306,1313,B,4,H,4,121.0,123.5,35.184999999999995,2.499999999999858,,230,156,1313B_4H4
19.07,306,1313,C,3,H,4,93.0,96.7,19.107,3.6999999999999034,,75,157,1313C_3H4
6.680000000000001,306,1313,C,2,H,3,55.0,56.9,6.699000000000001,1.9000000000000128,,3,158,1313C_2H3
44.022000000000006,306,1313,C,5,H,6,78.2,79.8,44.038,1.5999999999991132,,366,159,1313C_5H6
47.71,306,1313,B,5,H,5,111.0,114.4,47.744,3.399999999999892,,427,160,1313B_5H5
51.646,306,1313,B,6,H,1,139.6,140.9,51.659,1.2999999999998124,,474,161,1313B_6H1
19.064,306,1313,C,3,H,4,92.4,92.9,19.069,0.4999999999999005,,74,162,1313C_3H4
35.382999999999996,306,1313,B,4,H,4,143.3,144.1,35.391,0.8000000000002672,,237,163,1313B_4H4
17.193,306,1313,C,3,H,3,55.3,55.8,17.198,0.4999999999999005,,58,164,1313C_3H3
49.514,306,1313,C,6,H,3,107.4,108.4,49.52400000000001,1.0000000000005116,,448,165,1313C_6H3
8.802000000000001,306,1313,C,2,H,4,117.2,118.1,8.811000000000002,0.9000000000000341,,28,166,1313C_2H4
32.225,306,1313,B,4,H,2,127.5,128.4,32.234,0.9000000000000341,,174,167,1313B_4H2
34.955,306,1313,B,4,H,4,100.5,102.9,34.979,2.400000000000091,,220,168,1313B_4H4
39.2,306,1313,C,5,H,3,46.0,46.6,39.206,0.6000000000000227,,303,169,1313C_5H3
19.773999999999997,306,1313,C,3,H,5,13.4,14.3,19.783,0.9000000000003894,,103,170,1313C_3H5
20.231999999999996,306,1313,C,3,H,5,59.2,61.0,20.249999999999996,1.8000000000000682,,111,171,1313C_3H5
20.318,306,1313,C,3,H,5,67.8,68.6,20.325999999999997,0.7999999999995566,,114,172,1313C_3H5
8.643,306,1313,C,2,H,4,101.3,102.0,8.650000000000002,0.700000000000145,,26,173,1313C_2H4
45.545,306,1313,C,5,H,7,80.5,80.8,45.548,0.3000000000000113,,390,174,1313C_5H7
19.525,306,1313,C,3,H,4,138.5,140.0,19.54,1.5000000000000568,,94,175,1313C_3H4
24.028,306,1313,B,3,H,4,142.8,146.4,24.064,3.6000000000001364,,132,176,1313B_3H4
55.355,306,1313,B,6,H,4,60.5,61.1,55.361,0.6000000000000227,,539,177,1313B_6H4
43.994,306,1313,C,5,H,6,75.4,78.1,44.02100000000001,2.700000000000813,,365,178,1313C_5H6
38.491,306,1313,C,5,H,2,125.1,133.3,38.573,8.200000000000074,,277,179,1313C_5H2
23.944000000000003,306,1313,B,3,H,4,134.4,135.5,23.955,1.099999999999568,,129,180,1313B_3H4
11.135000000000003,306,1313,C,2,H,6,50.5,52.6,11.156000000000004,2.1000000000000796,,47,181,1313C_2H6
41.586,306,1313,C,5,H,4,134.6,135.2,41.592,0.6000000000000227,,326,182,1313C_5H4
8.335,306,1313,C,2,H,4,70.5,71.5,8.345000000000002,1.0000000000001563,,16,183,1313C_2H4
32.326,306,1313,B,4,H,2,137.6,138.4,32.333999999999996,0.7999999999995566,,179,184,1313B_4H2
6.728000000000001,306,1313,C,2,H,3,59.8,60.1,6.731000000000001,0.3000000000000113,,5,185,1313C_2H3
43.826,306,1313,C,5,H,6,58.6,59.3,43.833,0.6999999999997897,,355,186,1313C_5H6
11.063000000000004,306,1313,C,2,H,6,43.3,45.2,11.082000000000004,1.9000000000000128,,43,187,1313C_2H6
25.333,306,1313,B,3,H,5,123.3,125.6,25.356,2.300000000000324,,138,188,1313B_3H5
8.346000000000002,306,1313,C,2,H,4,71.6,74.1,8.371000000000002,2.5000000000000355,,17,189,1313C_2H4
19.126,306,1313,C,3,H,4,98.6,99.0,19.13,0.3999999999997783,,77,190,1313C_3H4
35.392999999999994,306,1313,B,4,H,4,144.3,145.6,35.406,1.300000000000523,,238,191,1313B_4H4
22.328000000000003,306,1313,B,3,H,3,122.8,123.4,22.334000000000003,0.6000000000000227,,122,192,1313B_3H3
7.634000000000001,306,1313,C,2,H,4,0.4,1.3,7.643000000000002,0.9000000000000341,,9,193,1313C_2H4
39.554,306,1313,C,5,H,3,81.4,83.3,39.573,1.8999999999998352,,306,194,1313C_5H3
39.602,306,1313,C,5,H,3,86.2,89.7,39.63700000000001,3.50000000000108,,307,195,1313C_5H3
46.099,306,1313,B,5,H,4,99.9,103.8,46.138000000000005,3.9000000000008583,,417,196,1313B_5H4
19.314,306,1313,C,3,H,4,117.4,117.9,19.319,0.4999999999999005,,86,197,1313C_3H4
10.884000000000004,306,1313,C,2,H,6,25.4,26.5,10.895000000000003,1.0999999999999233,,35,198,1313C_2H6
51.499,306,1313,B,6,H,1,124.9,126.4,51.514,1.5000000000000568,,468,199,1313B_6H1
28.752,306,1313,C,4,H,3,125.2,126.4,28.764,1.2000000000000457,,149,200,1313C_4H3
45.842,306,1313,B,5,H,4,74.2,76.3,45.863,2.1000000000000796,,404,201,1313B_5H4
41.510000000000005,306,1313,C,5,H,4,127.0,128.6,41.526,1.5999999999998238,,322,202,1313C_5H4
36.59,306,1313,C,5,H,1,85.0,85.3,36.593,0.3000000000000113,,250,203,1313C_5H1
11.396000000000004,306,1313,C,2,H,6,76.6,81.4,11.444000000000004,4.800000000000182,,55,204,1313C_2H6
33.19199999999999,306,1313,B,4,H,3,74.2,75.2,33.202,1.0000000000005116,,194,205,1313B_4H3
30.895,306,1313,C,4,H,5,39.5,41.4,30.914,1.9000000000001904,,157,206,1313C_4H5
53.478,306,1313,B,6,H,3,22.8,24.3,53.493,1.5000000000000568,,506,207,1313B_6H3
49.718,306,1313,C,6,H,3,127.8,129.4,49.734,1.5999999999998238,,454,208,1313C_6H3
44.061,306,1313,C,5,H,6,82.1,83.0,44.07,0.9000000000000341,,368,209,1313C_5H6
19.982999999999997,306,1313,C,3,H,5,34.3,34.6,19.985999999999997,0.3000000000000113,,106,210,1313C_3H5
38.608,306,1313,C,5,H,2,136.8,138.2,38.622,1.40000000000029,,279,211,1313C_5H2
53.258,306,1313,B,6,H,3,0.8,4.5,53.295,3.6999999999999034,,498,212,1313B_6H3
51.416,306,1313,B,6,H,1,116.6,117.4,51.424,0.8000000000002672,,465,213,1313B_6H1
37.246,306,1313,C,5,H,2,0.6,0.7,37.247,0.0999999999997669,,265,214,1313C_5H2
22.222,306,1313,B,3,H,3,112.2,113.1,22.231,0.9000000000000341,,121,215,1313B_3H3
8.383000000000001,306,1313,C,2,H,4,75.3,79.5,8.425000000000002,4.200000000000159,,18,216,1313C_2H4
37.364,306,1313,C,5,H,2,12.4,13.3,37.373000000000005,0.9000000000007446,,271,217,1313C_5H2
45.902,306,1313,B,5,H,4,80.2,81.9,45.919,1.7000000000003013,,407,218,1313B_5H4
32.311,306,1313,B,4,H,2,136.1,137.4,32.324,1.2999999999998124,,178,219,1313B_4H2
47.828,306,1313,B,5,H,5,122.8,125.1,47.851,2.2999999999996135,,431,220,1313B_5H5
36.72599999999999,306,1313,C,5,H,1,98.6,100.8,36.748,2.200000000000557,,258,221,1313C_5H1
11.187000000000005,306,1313,C,2,H,6,55.7,58.0,11.210000000000004,2.3000000000001464,,49,222,1313C_2H6
34.596,306,1313,B,4,H,4,64.6,65.3,34.602999999999994,0.6999999999997897,,209,223,1313B_4H4
39.010000000000005,306,1313,C,5,H,3,27.0,28.0,39.02,0.999999999999801,,298,224,1313C_5H3
19.664999999999996,306,1313,C,3,H,5,2.5,2.7,19.667,0.2000000000005997,,102,225,1313C_3H5
52.629,306,1313,B,6,H,2,87.9,88.3,52.633,0.4000000000004888,,478,226,1313B_6H2
33.184,306,1313,B,4,H,3,73.4,73.7,33.187,0.3000000000000113,,193,227,1313B_4H3
33.16,306,1313,B,4,H,3,71.0,72.0,33.169999999999995,0.999999999999801,,192,228,1313B_4H3
36.535999999999994,306,1313,C,5,H,1,79.6,80.4,36.544,0.8000000000002672,,247,229,1313C_5H1
17.198,306,1313,C,3,H,3,55.8,58.0,17.22,2.1999999999998465,,59,230,1313C_3H3
19.602,306,1313,C,3,H,4,146.2,147.2,19.612,0.999999999999801,,99,231,1313C_3H4
44.15,306,1313,C,5,H,6,91.0,94.7,44.187000000000005,3.700000000000614,,372,232,1313C_5H6
41.73,306,1313,C,5,H,4,149.0,149.9,41.739,0.9000000000000341,,330,233,1313C_5H4
36.995,306,1313,C,5,H,1,125.5,127.4,37.014,1.9000000000005457,,261,234,1313C_5H1
51.759,306,1313,B,6,H,2,0.9,1.7,51.767,0.8000000000002672,,476,235,1313B_6H2
41.794,306,1313,C,5,H,5,5.4,7.7,41.817,2.300000000000324,,331,236,1313C_5H5
49.82900000000001,306,1313,C,6,H,3,138.9,140.0,49.84,1.099999999999568,,456,237,1313C_6H3
32.736999999999995,306,1313,B,4,H,3,28.7,32.5,32.775,3.800000000000381,,182,238,1313B_4H3
19.293,306,1313,C,3,H,4,115.3,116.3,19.303,1.0000000000001563,,85,239,1313C_3H4
19.19,306,1313,C,3,H,4,105.0,105.8,19.198,0.7999999999999119,,80,240,1313C_3H4
51.515,306,1313,B,6,H,1,126.5,127.0,51.52,0.5000000000002558,,469,241,1313B_6H1
28.327,306,1313,C,4,H,3,82.7,85.7,28.357,2.9999999999997584,,143,242,1313C_4H3
54.641,306,1313,B,6,H,3,139.1,139.5,54.645,0.4000000000004888,,521,243,1313B_6H3
47.788,306,1313,B,5,H,5,118.8,120.2,47.802,1.40000000000029,,429,244,1313B_5H5
41.658,306,1313,C,5,H,4,141.8,142.9,41.669,1.099999999999568,,328,245,1313C_5H4
43.939,306,1313,C,5,H,6,69.9,70.5,43.945,0.6000000000000227,,362,246,1313C_5H6
51.606,306,1313,B,6,H,1,135.6,136.6,51.616,0.999999999999801,,471,247,1313B_6H1
44.369,306,1313,C,5,H,6,112.9,114.6,44.386,1.7000000000003013,,378,248,1313C_5H6
41.830000000000005,306,1313,C,5,H,5,9.0,11.7,41.857,2.699999999999392,,332,249,1313C_5H5
42.765,306,1313,C,5,H,5,102.5,103.0,42.77,0.5000000000002558,,344,250,1313C_5H5
33.36299999999999,306,1313,B,4,H,3,91.3,92.8,33.37799999999999,1.5000000000000568,,201,251,1313B_4H3
20.293999999999997,306,1313,C,3,H,5,65.4,67.8,20.318,2.400000000000446,,113,252,1313C_3H5
51.661,306,1313,B,6,H,1,141.1,142.4,51.674,1.2999999999998124,,475,253,1313B_6H1
54.728,306,1313,B,6,H,3,147.8,149.1,54.741,1.2999999999998124,,524,254,1313B_6H3
52.743,306,1313,B,6,H,2,99.3,99.6,52.746,0.3000000000000113,,479,255,1313B_6H2
44.41,306,1313,C,5,H,6,117.0,117.4,44.414,0.4000000000004888,,381,256,1313C_5H6
47.369,306,1313,B,5,H,5,76.9,77.3,47.373000000000005,0.4000000000004888,,423,257,1313B_5H5
36.12,306,1313,B,4,H,5,67.0,68.9,36.139,1.8999999999998352,,243,258,1313B_4H5
19.347,306,1313,C,3,H,4,120.7,122.4,19.364,1.699999999999946,,88,259,1313C_3H4
19.042,306,1313,C,3,H,4,90.2,91.8,19.058,1.5999999999998238,,73,260,1313C_3H4
46.183,306,1313,B,5,H,4,108.3,119.2,46.292,10.900000000000176,,419,261,1313B_5H4
52.868,306,1313,B,6,H,2,111.8,112.6,52.876,0.7999999999995566,,484,262,1313B_6H2
45.066,306,1313,C,5,H,7,32.6,34.9,45.089,2.2999999999996135,,387,263,1313C_5H7
53.601,306,1313,B,6,H,3,35.1,36.6,53.616,1.5000000000000568,,512,264,1313B_6H3
47.745000000000005,306,1313,B,5,H,5,114.5,118.7,47.787,4.199999999999449,,428,265,1313B_5H5
16.553,306,1313,C,3,H,2,141.3,148.4,16.624000000000002,7.100000000000151,,57,266,1313C_3H2
54.319,306,1313,B,6,H,3,106.9,107.9,54.329,0.999999999999801,,518,267,1313B_6H3
11.032000000000004,306,1313,C,2,H,6,40.2,43.2,11.062000000000005,3.0000000000001137,,42,268,1313C_2H6
41.503,306,1313,C,5,H,4,126.3,126.8,41.508,0.5000000000002558,,321,269,1313C_5H4
27.424,306,1313,C,4,H,2,142.4,142.9,27.429,0.4999999999999005,,141,270,1313C_4H2
19.261,306,1313,C,3,H,4,112.1,112.4,19.264,0.3000000000000113,,83,271,1313C_3H4
11.014000000000005,306,1313,C,2,H,6,38.4,39.2,11.022000000000004,0.7999999999999119,,40,272,1313C_2H6
18.94,306,1313,C,3,H,4,80.0,82.9,18.969,2.899999999999636,,70,273,1313C_3H4
18.734,306,1313,C,3,H,4,59.4,59.7,18.737,0.2999999999996561,,65,274,1313C_3H4
41.903,306,1313,C,5,H,5,16.3,17.5,41.915,1.2000000000000457,,335,275,1313C_5H5
45.887,306,1313,B,5,H,4,78.7,80.1,45.901,1.40000000000029,,406,276,1313B_5H4
20.065999999999995,306,1313,C,3,H,5,42.6,43.5,20.074999999999996,0.9000000000000341,,108,277,1313C_3H5
25.372,306,1313,B,3,H,5,127.2,129.6,25.396,2.400000000000091,,140,278,1313B_3H5
46.31,306,1313,B,5,H,4,121.0,138.1,46.481,17.099999999999937,,420,279,1313B_5H4
52.876999999999995,306,1313,B,6,H,2,112.7,116.0,52.91,3.3000000000008356,,485,280,1313B_6H2
35.18899999999999,306,1313,B,4,H,4,123.9,124.8,35.19799999999999,0.9000000000000341,,231,281,1313B_4H4
25.092,306,1313,B,3,H,5,99.2,112.0,25.22,12.800000000000011,,136,282,1313B_3H5
35.03099999999999,306,1313,B,4,H,4,108.1,110.9,35.059,2.80000000000058,,225,283,1313B_4H4
54.983,306,1313,B,6,H,4,23.3,24.8,54.998,1.5000000000000568,,534,284,1313B_6H4
38.853,306,1313,C,5,H,3,11.3,12.0,38.86,0.6999999999997897,,293,285,1313C_5H3
32.864999999999995,306,1313,B,4,H,3,41.5,42.5,32.87499999999999,0.999999999999801,,186,286,1313B_4H3
46.086,306,1313,B,5,H,4,98.6,99.1,46.091,0.5000000000002558,,416,287,1313B_5H4
53.22,306,1313,B,6,H,2,147.0,149.2,53.242,2.1999999999998465,,496,288,1313B_6H2
7.939000000000002,306,1313,C,2,H,4,30.9,31.6,7.9460000000000015,0.6999999999999673,,11,289,1313C_2H4
42.73,306,1313,C,5,H,5,99.0,99.2,42.732,0.2000000000002444,,342,290,1313C_5H5
29.234,306,1313,C,4,H,4,23.4,23.7,29.237,0.2999999999996561,,154,291,1313C_4H4
35.020999999999994,306,1313,B,4,H,4,107.1,108.0,35.029999999999994,0.9000000000000341,,224,292,1313B_4H4
49.569,306,1313,C,6,H,3,112.9,116.3,49.603,3.399999999999892,,449,293,1313C_6H3
11.086000000000004,306,1313,C,2,H,6,45.6,47.4,11.104000000000005,1.8000000000000682,,44,294,1313C_2H6
20.397999999999996,306,1313,C,3,H,5,75.8,76.8,20.408,1.0000000000005116,,116,295,1313C_3H5
46.139,306,1313,B,5,H,4,103.9,104.8,46.148,0.9000000000000341,,418,296,1313B_5H4
11.111000000000004,306,1313,C,2,H,6,48.1,49.4,11.124000000000004,1.29999999999999,,45,297,1313C_2H6
53.308,306,1313,B,6,H,3,5.8,6.3,53.313,0.5000000000002558,,499,298,1313B_6H3
53.892,306,1313,B,6,H,3,64.2,66.9,53.919,2.699999999999392,,517,299,1313B_6H3
17.243000000000002,306,1313,C,3,H,3,60.3,60.6,17.246000000000002,0.3000000000000113,,60,300,1313C_3H3
44.249,306,1313,C,5,H,6,100.9,101.7,44.257000000000005,0.8000000000002672,,373,301,1313C_5H6
45.592,306,1313,B,5,H,4,49.2,49.4,45.594,0.2000000000002444,,393,302,1313B_5H4
20.171999999999997,306,1313,C,3,H,5,53.2,54.2,20.182,1.0000000000001563,,109,303,1313C_3H5
8.657000000000002,306,1313,C,2,H,4,102.7,105.2,8.682000000000002,2.5000000000000355,,27,304,1313C_2H4
49.143,306,1313,C,6,H,3,70.3,72.5,49.165,2.1999999999998465,,442,305,1313C_6H3
20.261999999999997,306,1313,C,3,H,5,62.2,64.9,20.289,2.7000000000004576,,112,306,1313C_3H5
28.72,306,1313,C,4,H,3,122.0,124.4,28.744,2.400000000000091,,148,307,1313C_4H3
18.672,306,1313,C,3,H,4,53.2,56.6,18.706,3.399999999999892,,63,308,1313C_3H4
23.931,306,1313,B,3,H,4,133.1,133.2,23.932,0.0999999999997669,,128,309,1313B_3H4
39.692,306,1313,C,5,H,3,95.2,96.9,39.709,1.7000000000003013,,310,310,1313C_5H3
50.072,306,1313,C,6,H,4,13.2,15.9,50.099,2.699999999999392,,458,311,1313C_6H4
38.861,306,1313,C,5,H,3,12.1,13.2,38.872,1.1000000000002783,,294,312,1313C_5H3
40.982,306,1313,C,5,H,4,74.2,80.3,41.043,6.099999999999994,,317,313,1313C_5H4
43.573,306,1313,C,5,H,6,33.3,35.5,43.595,2.1999999999998465,,351,314,1313C_5H6
11.353000000000003,306,1313,C,2,H,6,72.3,76.5,11.395000000000003,4.1999999999999815,,54,315,1313C_2H6
41.545,306,1313,C,5,H,4,130.5,131.5,41.555,0.999999999999801,,324,316,1313C_5H4
37.18899999999999,306,1313,C,5,H,1,144.9,145.5,37.19499999999999,0.6000000000000227,,264,317,1313C_5H1
53.440999999999995,306,1313,B,6,H,3,19.1,20.9,53.459,1.8000000000007788,,504,318,1313B_6H3
44.475,306,1313,C,5,H,6,123.5,127.0,44.510000000000005,3.5000000000003695,,383,319,1313C_5H6
19.265,306,1313,C,3,H,4,112.5,115.2,19.292,2.7000000000001023,,84,320,1313C_3H4
47.702,306,1313,B,5,H,5,110.2,110.9,47.709,0.7000000000005002,,426,321,1313B_5H5
52.808,306,1313,B,6,H,2,105.8,106.2,52.812,0.3999999999997783,,481,322,1313B_6H2
21.74,306,1313,B,3,H,3,64.0,65.0,21.75,1.0000000000001563,,120,323,1313B_3H3
55.395,306,1313,B,6,H,4,64.5,65.4,55.404,0.9000000000000341,,542,324,1313B_6H4
53.522,306,1313,B,6,H,3,27.2,30.1,53.551,2.9000000000003467,,508,325,1313B_6H3
49.632000000000005,306,1313,C,6,H,3,119.2,121.9,49.659,2.699999999999392,,450,326,1313C_6H3
55.362,306,1313,B,6,H,4,61.2,62.2,55.372,0.999999999999801,,540,327,1313B_6H4
39.715,306,1313,C,5,H,3,97.5,99.0,39.73,1.4999999999993463,,311,328,1313C_5H3
43.836,306,1313,C,5,H,6,59.6,60.1,43.841,0.5000000000002558,,356,329,1313C_5H6
36.626999999999995,306,1313,C,5,H,1,88.7,89.1,36.63099999999999,0.3999999999997783,,253,330,1313C_5H1
37.154,306,1313,C,5,H,1,141.4,142.2,37.16199999999999,0.7999999999988461,,263,331,1313C_5H1
19.592,306,1313,C,3,H,4,145.2,145.6,19.596,0.4000000000001336,,98,332,1313C_3H4
52.927,306,1313,B,6,H,2,117.7,121.7,52.967,3.9999999999999143,,487,333,1313B_6H2
49.041,306,1313,C,6,H,3,60.1,65.9,49.099,5.799999999999983,,440,334,1313C_6H3
18.82,306,1313,C,3,H,4,68.0,70.6,18.846,2.59999999999998,,67,335,1313C_3H4
48.065000000000005,306,1313,B,5,H,5,146.5,146.8,48.068000000000005,0.3000000000000113,,437,336,1313B_5H5
32.235,306,1313,B,4,H,2,128.5,132.0,32.269999999999996,3.499999999999659,,175,337,1313B_4H2
42.891000000000005,306,1313,C,5,H,5,115.1,116.6,42.906,1.4999999999993463,,345,338,1313C_5H5
31.488,306,1313,C,4,H,5,98.8,98.9,31.489,0.1000000000001222,,158,339,1313C_4H5
50.285,306,1313,C,6,H,4,34.5,35.2,50.292,0.7000000000005002,,461,340,1313C_6H4
55.428,306,1313,B,6,H,4,67.8,68.3,55.433,0.5000000000002558,,544,341,1313B_6H4
49.196000000000005,306,1313,C,6,H,3,75.6,76.1,49.20100000000001,0.5000000000002558,,444,342,1313C_6H3
32.775999999999996,306,1313,B,4,H,3,32.6,33.1,32.781,0.5000000000002558,,183,343,1313B_4H3
43.904,306,1313,C,5,H,6,66.4,69.8,43.938,3.4000000000006025,,361,344,1313C_5H6
36.59499999999999,306,1313,C,5,H,1,85.5,87.3,36.61299999999999,1.8000000000000682,,251,345,1313C_5H1
41.564,306,1313,C,5,H,4,132.4,133.2,41.572,0.8000000000002672,,325,346,1313C_5H4
37.308,306,1313,C,5,H,2,6.8,8.3,37.323,1.5000000000000568,,267,347,1313C_5H2
32.202,306,1313,B,4,H,2,125.2,125.7,32.207,0.5000000000002558,,173,348,1313B_4H2
36.13999999999999,306,1313,B,4,H,5,69.0,69.9,36.148999999999994,0.9000000000000341,,244,349,1313B_4H5
53.552,306,1313,B,6,H,3,30.2,30.4,53.554,0.2000000000002444,,509,350,1313B_6H3
25.357000000000003,306,1313,B,3,H,5,125.7,127.0,25.37,1.2999999999998124,,139,351,1313B_3H5
44.302,306,1313,C,5,H,6,106.2,107.2,44.312000000000005,1.0000000000005116,,374,352,1313C_5H6
44.313,306,1313,C,5,H,6,107.3,109.1,44.331,1.8000000000000682,,375,353,1313C_5H6
20.408999999999995,306,1313,C,3,H,5,76.9,78.0,20.42,1.1000000000006338,,117,354,1313C_3H5
23.029,306,1313,B,3,H,4,42.9,43.6,23.036,0.700000000000145,,124,355,1313B_3H4
48.107,306,1313,B,5,H,6,0.7,1.8,48.118,1.1000000000002783,,438,356,1313B_5H6
36.14999999999999,306,1313,B,4,H,5,70.0,72.0,36.169999999999995,2.0000000000003126,,245,357,1313B_4H5
39.117,306,1313,C,5,H,3,37.7,38.4,39.124,0.7000000000005002,,300,358,1313C_5H3
34.739,306,1313,B,4,H,4,78.9,80.0,34.74999999999999,1.099999999999568,,211,359,1313B_4H4
38.63,306,1313,C,5,H,2,139.0,139.6,38.636,0.6000000000000227,,280,360,1313C_5H2
53.196,306,1313,B,6,H,2,144.6,145.9,53.209,1.300000000000523,,495,361,1313B_6H2
35.148999999999994,306,1313,B,4,H,4,119.9,120.3,35.153,0.4000000000004888,,229,362,1313B_4H4
53.347,306,1313,B,6,H,3,9.7,10.2,53.352,0.4999999999995452,,502,363,1313B_6H3
38.655,306,1313,C,5,H,2,141.5,142.1,38.661,0.6000000000000227,,282,364,1313C_5H2
35.343999999999994,306,1313,B,4,H,4,139.4,139.7,35.346999999999994,0.3000000000000113,,235,365,1313B_4H4
45.725,306,1313,B,5,H,4,62.5,63.6,45.736,1.099999999999568,,400,366,1313B_5H4
11.252000000000004,306,1313,C,2,H,6,62.2,65.4,11.284000000000004,3.200000000000003,,52,367,1313C_2H6
55.261,306,1313,B,6,H,4,51.1,54.4,55.294,3.300000000000125,,536,368,1313B_6H4
35.54899999999999,306,1313,B,4,H,5,9.9,11.2,35.562,1.300000000000523,,242,369,1313B_4H5
37.337,306,1313,C,5,H,2,9.7,10.1,37.341,0.3999999999997783,,269,370,1313C_5H2
47.273,306,1313,B,5,H,5,67.3,69.1,47.291,1.7999999999993577,,422,371,1313B_5H5
55.256,306,1313,B,6,H,4,50.6,51.0,55.26,0.3999999999997783,,535,372,1313B_6H4
34.846999999999994,306,1313,B,4,H,4,89.7,91.2,34.861999999999995,1.5000000000000568,,215,373,1313B_4H4
52.821,306,1313,B,6,H,2,107.1,109.9,52.849,2.7999999999998693,,482,374,1313B_6H2
55.373,306,1313,B,6,H,4,62.3,63.3,55.383,1.0000000000005116,,541,375,1313B_6H4
51.475,306,1313,B,6,H,1,122.5,122.7,51.477,0.1999999999995338,,466,376,1313B_6H1
32.782999999999994,306,1313,B,4,H,3,33.3,36.8,32.818,3.5000000000003695,,184,377,1313B_4H3
53.473,306,1313,B,6,H,3,22.3,22.7,53.477,0.3999999999997783,,505,378,1313B_6H3
11.024000000000004,306,1313,C,2,H,6,39.4,40.1,11.031000000000004,0.6999999999999673,,41,379,1313C_2H6
43.446000000000005,306,1313,C,5,H,6,20.6,22.2,43.462,1.5999999999998238,,349,380,1313C_5H6
29.01,306,1313,C,4,H,4,1.0,2.4,29.024,1.3999999999999346,,152,381,1313C_4H4
52.855,306,1313,B,6,H,2,110.5,111.4,52.864,0.9000000000000341,,483,382,1313B_6H2
45.819,306,1313,B,5,H,4,71.9,74.1,45.841,2.1999999999998465,,403,383,1313B_5H4
9.105000000000002,306,1313,C,2,H,4,147.5,149.1,9.121000000000002,1.6000000000000014,,29,384,1313C_2H4
47.678,306,1313,B,5,H,5,107.8,110.0,47.7,2.200000000000557,,425,385,1313B_5H5
36.633,306,1313,C,5,H,1,89.3,92.8,36.668,3.499999999999659,,254,386,1313C_5H1
41.593,306,1313,C,5,H,4,135.3,138.4,41.624,3.100000000000591,,327,387,1313C_5H4
44.591,306,1313,C,5,H,6,135.1,136.6,44.606,1.5000000000000568,,384,388,1313C_5H6
8.543000000000001,306,1313,C,2,H,4,91.3,92.3,8.553,0.9999999999999788,,22,389,1313C_2H4
36.559999999999995,306,1313,C,5,H,1,82.0,82.4,36.56399999999999,0.3999999999997783,,248,390,1313C_5H1
45.781,306,1313,B,5,H,4,68.1,70.0,45.8,1.8999999999998352,,402,391,1313B_5H4
49.206,306,1313,C,6,H,3,76.6,78.2,49.22200000000001,1.6000000000005343,,445,392,1313C_6H3
34.641999999999996,306,1313,B,4,H,4,69.2,70.4,34.653999999999996,1.2000000000000457,,210,393,1313B_4H4
38.705000000000005,306,1313,C,5,H,2,146.5,147.2,38.712,0.6999999999997897,,285,394,1313C_5H2
33.257,306,1313,B,4,H,3,80.7,82.7,33.276999999999994,1.999999999999602,,198,395,1313B_4H3
32.101,306,1313,B,4,H,2,115.1,117.1,32.121,2.0000000000003126,,169,396,1313B_4H2
34.98799999999999,306,1313,B,4,H,4,103.8,104.3,34.992999999999995,0.5000000000002558,,221,397,1313B_4H4
33.297999999999995,306,1313,B,4,H,3,84.8,86.1,33.31099999999999,1.2999999999998124,,200,398,1313B_4H3
33.27799999999999,306,1313,B,4,H,3,82.8,84.6,33.29599999999999,1.8000000000000682,,199,399,1313B_4H3
20.01,306,1313,C,3,H,5,37.0,38.5,20.025,1.4999999999997016,,107,400,1313C_3H5
52.059,306,1313,B,6,H,2,30.9,40.3,52.153,9.40000000000012,,477,401,1313B_6H2
32.989999999999995,306,1313,B,4,H,3,54.0,54.7,32.99699999999999,0.6999999999997897,,187,402,1313B_4H3
28.667,306,1313,C,4,H,3,116.7,117.6,28.676,0.8999999999996788,,147,403,1313C_4H3
37.056,306,1313,C,5,H,1,131.6,132.9,37.069,1.300000000000523,,262,404,1313C_5H1
34.766999999999996,306,1313,B,4,H,4,81.7,85.9,34.809,4.200000000000159,,213,405,1313B_4H4
45.688,306,1313,B,5,H,4,58.8,59.0,45.690000000000005,0.2000000000002444,,398,406,1313B_5H4
34.571,306,1313,B,4,H,4,62.1,62.5,34.574999999999996,0.3999999999997783,,208,407,1313B_4H4
54.856,306,1313,B,6,H,4,10.6,12.0,54.87,1.3999999999995794,,530,408,1313B_6H4
45.578,306,1313,B,5,H,4,47.8,48.0,45.58,0.1999999999995338,,392,409,1313B_5H4
32.167,306,1313,B,4,H,2,121.7,125.1,32.201,3.399999999999892,,172,410,1313B_4H2
53.649,306,1313,B,6,H,3,39.9,41.4,53.664,1.5000000000000568,,514,411,1313B_6H3
18.97,306,1313,C,3,H,4,83.0,84.7,18.987,1.699999999999946,,71,412,1313C_3H4
23.997,306,1313,B,3,H,4,139.7,139.8,23.998,0.1000000000001222,,130,413,1313B_3H4
53.822,306,1313,B,6,H,3,57.2,57.7,53.827,0.4999999999995452,,516,414,1313B_6H3
10.896000000000004,306,1313,C,2,H,6,26.6,31.8,10.948000000000004,5.200000000000138,,36,415,1313C_2H6
11.288000000000004,306,1313,C,2,H,6,65.8,68.3,11.313000000000004,2.5000000000000355,,53,416,1313C_2H6
35.455999999999996,306,1313,B,4,H,5,0.6,1.1,35.461,0.5000000000002558,,241,417,1313B_4H5
28.621,306,1313,C,4,H,3,112.1,112.5,28.625,0.4000000000001336,,145,418,1313C_4H3
43.989,306,1313,C,5,H,6,74.9,75.3,43.993,0.4000000000004888,,364,419,1313C_5H6
32.08,306,1313,B,4,H,2,113.0,113.7,32.086999999999996,0.6999999999997897,,167,420,1313B_4H2
33.108,306,1313,B,4,H,3,65.8,66.2,33.111999999999995,0.3999999999997783,,190,421,1313B_4H3
46.003,306,1313,B,5,H,4,90.3,92.7,46.027,2.400000000000091,,413,422,1313B_5H4
11.174000000000005,306,1313,C,2,H,6,54.4,55.6,11.186000000000003,1.1999999999998678,,48,423,1313C_2H6
34.827,306,1313,B,4,H,4,87.7,89.6,34.846,1.8999999999998352,,214,424,1313B_4H4
41.891000000000005,306,1313,C,5,H,5,15.1,16.2,41.902,1.099999999999568,,334,425,1313C_5H5
38.721,306,1313,C,5,H,2,148.1,148.5,38.725,0.4000000000004888,,286,426,1313C_5H2
32.041,306,1313,B,4,H,2,109.1,109.7,32.047,0.6000000000000227,,164,427,1313B_4H2
8.554,306,1313,C,2,H,4,92.4,95.5,8.585000000000003,3.100000000000236,,23,428,1313C_2H4
19.627,306,1313,C,3,H,4,148.7,149.2,19.632,0.5000000000002558,,100,429,1313C_3H4
38.878,306,1313,C,5,H,3,13.8,14.5,38.885000000000005,0.7000000000005002,,295,430,1313C_5H3
33.98,306,1313,B,4,H,4,3.0,3.3,33.983,0.3000000000000113,,206,431,1313B_4H4
7.802000000000001,306,1313,C,2,H,4,17.2,17.9,7.809000000000002,0.7000000000000561,,10,432,1313C_2H4
53.169,306,1313,B,6,H,2,141.9,143.3,53.183,1.40000000000029,,494,433,1313B_6H2
48.044,306,1313,B,5,H,5,144.4,146.4,48.06400000000001,2.000000000001023,,436,434,1313B_5H5
18.709,306,1313,C,3,H,4,56.9,58.8,18.728,1.9000000000001904,,64,435,1313C_3H4
41.527,306,1313,C,5,H,4,128.7,130.4,41.544,1.7000000000003013,,323,436,1313C_5H4
44.121,306,1313,C,5,H,6,88.1,90.2,44.142,2.1000000000000796,,370,437,1313C_5H6
40.486,306,1313,C,5,H,4,24.6,28.6,40.526,4.000000000000625,,314,438,1313C_5H4
42.52,306,1313,C,5,H,5,78.0,78.2,42.522000000000006,0.2000000000002444,,340,439,1313C_5H5
44.609,306,1313,C,5,H,6,136.9,137.9,44.619,0.999999999999801,,385,440,1313C_5H6
39.058,306,1313,C,5,H,3,31.8,32.8,39.068000000000005,1.0000000000005116,,299,441,1313C_5H3
40.683,306,1313,C,5,H,4,44.3,44.6,40.686,0.3000000000000113,,316,442,1313C_5H4
23.788,306,1313,B,3,H,4,118.8,120.4,23.804,1.5999999999998238,,127,443,1313B_3H4
38.834,306,1313,C,5,H,3,9.4,11.0,38.85,1.5999999999998238,,292,444,1313C_5H3
53.433,306,1313,B,6,H,3,18.3,19.0,53.44,0.6999999999997897,,503,445,1313B_6H3
37.323,306,1313,C,5,H,2,8.3,9.5,37.335,1.2000000000000457,,268,446,1313C_5H2
20.211999999999996,306,1313,C,3,H,5,57.2,58.7,20.226999999999997,1.5000000000000568,,110,447,1313C_3H5
8.586000000000002,306,1313,C,2,H,4,95.6,98.8,8.618000000000002,3.200000000000003,,24,448,1313C_2H4
19.478,306,1313,C,3,H,4,133.8,135.5,19.495,1.699999999999946,,92,449,1313C_3H4
38.822,306,1313,C,5,H,3,8.2,8.6,38.826,0.3999999999997783,,291,450,1313C_5H3
38.759,306,1313,C,5,H,3,1.9,3.2,38.772,1.2999999999998124,,288,451,1313C_5H3
33.144,306,1313,B,4,H,3,69.4,70.9,33.159,1.5000000000000568,,191,452,1313B_4H3
11.221000000000004,306,1313,C,2,H,6,59.1,60.7,11.237000000000004,1.6000000000000014,,50,453,1313C_2H6
35.059999999999995,306,1313,B,4,H,4,111.0,112.3,35.07299999999999,1.2999999999998124,,226,454,1313B_4H4
24.447000000000003,306,1313,B,3,H,5,34.7,35.3,24.453000000000003,0.6000000000000227,,133,455,1313B_3H5
17.247000000000003,306,1313,C,3,H,3,60.7,62.5,17.265,1.799999999999713,,61,456,1313C_3H3
28.843,306,1313,C,4,H,3,134.3,134.5,28.845,0.1999999999998891,,151,457,1313C_4H3
6.813000000000001,306,1313,C,2,H,3,68.3,70.1,6.831,1.7999999999999794,,6,458,1313C_2H3
44.387,306,1313,C,5,H,6,114.7,115.8,44.398,1.1000000000002783,,379,459,1313C_5H6
33.605,306,1313,B,4,H,3,115.5,116.9,33.619,1.40000000000029,,203,460,1313B_4H3
18.906,306,1313,C,3,H,4,76.6,78.7,18.927,2.1000000000000796,,68,461,1313C_3H4
31.961,306,1313,B,4,H,2,101.1,101.9,31.969,0.8000000000002672,,160,462,1313B_4H2
19.798999999999996,306,1313,C,3,H,5,15.9,16.4,19.804,0.5000000000002558,,104,463,1313C_3H5
10.053,306,1313,C,2,H,5,92.3,92.6,10.056,0.2999999999998337,,30,464,1313C_2H5
41.692,306,1313,C,5,H,4,145.2,146.7,41.707,1.5000000000000568,,329,465,1313C_5H4
49.66,306,1313,C,6,H,3,122.0,123.8,49.678,1.8000000000000682,,451,466,1313C_6H3
45.658,306,1313,B,5,H,4,55.8,56.1,45.661,0.3000000000000113,,396,467,1313B_5H4
41.115,306,1313,C,5,H,4,87.5,88.8,41.128,1.2999999999998124,,318,468,1313C_5H4
54.589,306,1313,B,6,H,3,133.9,136.2,54.612,2.300000000000324,,520,469,1313B_6H3
44.361,306,1313,C,5,H,6,112.1,112.8,44.368,0.7000000000005002,,377,470,1313C_5H6
53.256,306,1313,B,6,H,3,0.6,0.8,53.258,0.2000000000002444,,497,471,1313B_6H3
38.957,306,1313,C,5,H,3,21.7,22.7,38.967,0.999999999999801,,296,472,1313C_5H3
51.626999999999995,306,1313,B,6,H,1,137.7,139.5,51.645,1.8000000000007788,,473,473,1313B_6H1
49.763000000000005,306,1313,C,6,H,3,132.3,132.5,49.76500000000001,0.2000000000002444,,455,474,1313C_6H3
19.335,306,1313,C,3,H,4,119.5,120.6,19.346,1.0999999999999233,,87,475,1313C_3H4
53.587,306,1313,B,6,H,3,33.7,35.1,53.601,1.3999999999995794,,511,476,1313B_6H3
45.955,306,1313,B,5,H,4,85.5,86.6,45.966,1.1000000000002783,,410,477,1313B_5H4
34.885,306,1313,B,4,H,4,93.5,97.2,34.922,3.6999999999999034,,217,478,1313B_4H4
19.108,306,1313,C,3,H,4,96.8,98.2,19.122,1.3999999999999346,,76,479,1313C_3H4
32.82599999999999,306,1313,B,4,H,3,37.6,41.4,32.864,3.800000000000381,,185,480,1313B_4H3
40.126000000000005,306,1313,C,5,H,3,138.6,139.5,40.135000000000005,0.9000000000000341,,312,481,1313C_5H3
54.916,306,1313,B,6,H,4,16.6,17.6,54.926,1.0000000000005116,,532,482,1313B_6H4
55.512,306,1313,B,6,H,4,76.2,78.2,55.532,1.999999999999602,,546,483,1313B_6H4
55.446,306,1313,B,6,H,4,69.6,71.4,55.464,1.8000000000000682,,545,484,1313B_6H4
32.069,306,1313,B,4,H,2,111.9,112.8,32.077999999999996,0.8999999999993236,,166,485,1313B_4H2
42.523,306,1313,C,5,H,5,78.3,81.1,42.551,2.7999999999998693,,341,486,1313C_5H5
54.934,306,1313,B,6,H,4,18.4,19.2,54.942,0.8000000000002672,,533,487,1313B_6H4
54.453,306,1313,B,6,H,3,120.3,122.3,54.473,1.999999999999602,,519,488,1313B_6H3
41.954,306,1313,C,5,H,5,21.4,25.4,41.994,3.9999999999999143,,337,489,1313C_5H5
41.916,306,1313,C,5,H,5,17.6,19.5,41.935,1.9000000000005457,,336,490,1313C_5H5
18.928,306,1313,C,3,H,4,78.8,79.9,18.939,1.0999999999999233,,69,491,1313C_3H4
33.090999999999994,306,1313,B,4,H,3,64.1,65.7,33.107,1.6000000000005343,,189,492,1313B_4H3
53.576,306,1313,B,6,H,3,32.6,33.5,53.585,0.9000000000000341,,510,493,1313B_6H3
32.155,306,1313,B,4,H,2,120.5,121.6,32.166,1.099999999999568,,171,494,1313B_4H2
53.494,306,1313,B,6,H,3,24.4,27.1,53.521,2.7000000000001023,,507,495,1313B_6H3
53.011,306,1313,B,6,H,2,126.1,135.2,53.102,9.10000000000082,,489,496,1313B_6H2
10.423000000000002,306,1313,C,2,H,5,129.3,129.6,10.426,0.2999999999998337,,32,497,1313C_2H5
33.202999999999996,306,1313,B,4,H,3,75.3,76.6,33.215999999999994,1.2999999999998124,,195,498,1313B_4H3
6.904000000000001,306,1313,C,2,H,3,77.4,77.9,6.909000000000001,0.4999999999999893,,8,499,1313C_2H3
44.146,306,1313,C,5,H,6,90.6,90.9,44.149,0.3000000000000113,,371,500,1313C_5H6
25.221,306,1313,B,3,H,5,112.1,114.6,25.246,2.499999999999858,,137,501,1313B_3H5
54.786,306,1313,B,6,H,4,3.6,5.4,54.804,1.8000000000000682,,525,502,1313B_6H4
10.796000000000005,306,1313,C,2,H,6,16.6,18.2,10.812000000000005,1.6000000000000014,,33,503,1313C_2H6
29.24,306,1313,C,4,H,4,24.0,27.6,29.276,3.6000000000001364,,155,504,1313C_4H4
24.716,306,1313,B,3,H,5,61.6,65.0,24.75,3.399999999999892,,135,505,1313B_3H5
33.62,306,1313,B,4,H,3,117.0,118.4,33.63399999999999,1.3999999999995794,,204,506,1313B_4H3
55.336,306,1313,B,6,H,4,58.6,59.6,55.346,0.999999999999801,,538,507,1313B_6H4
8.329000000000002,306,1313,C,2,H,4,69.9,70.4,8.334000000000001,0.4999999999999005,,15,508,1313C_2H4
33.062,306,1313,B,4,H,3,61.2,63.9,33.089,2.7000000000001023,,188,509,1313B_4H3
6.670000000000001,306,1313,C,2,H,3,54.0,54.9,6.679,0.8999999999999453,,2,510,1313C_2H3
51.521,306,1313,B,6,H,1,127.1,128.9,51.539,1.8000000000000682,,470,511,1313B_6H1
32.456999999999994,306,1313,B,4,H,3,0.7,1.0,32.459999999999994,0.3000000000000113,,180,512,1313B_4H3
33.397999999999996,306,1313,B,4,H,3,94.8,97.3,33.422999999999995,2.499999999999858,,202,513,1313B_4H3
42.459,306,1313,C,5,H,5,71.9,73.7,42.477,1.7999999999993577,,339,514,1313C_5H5
35.346999999999994,306,1313,B,4,H,4,139.7,143.1,35.38099999999999,3.399999999999892,,236,515,1313B_4H4
36.17099999999999,306,1313,B,4,H,5,72.1,72.6,36.175999999999995,0.5000000000002558,,246,516,1313B_4H5
31.991,306,1313,B,4,H,2,104.1,104.6,31.996,0.4999999999999005,,162,517,1313B_4H2
47.374,306,1313,B,5,H,5,77.4,79.5,47.395,2.1000000000000796,,424,518,1313B_5H5
8.621000000000002,306,1313,C,2,H,4,99.1,101.0,8.640000000000002,1.9000000000000128,,25,519,1313C_2H4
44.749,306,1313,C,5,H,7,0.9,2.1,44.761,1.2000000000000457,,386,520,1313C_5H7
45.736999999999995,306,1313,B,5,H,4,63.7,68.0,45.78,4.300000000000637,,401,521,1313B_5H4
31.97,306,1313,B,4,H,2,102.0,104.0,31.99,1.9999999999999576,,161,522,1313B_4H2
35.086999999999996,306,1313,B,4,H,4,113.7,115.5,35.105,1.8000000000000682,,227,523,1313B_4H4
45.973,306,1313,B,5,H,4,87.3,89.4,45.994,2.1000000000000796,,412,524,1313B_5H4
36.614,306,1313,C,5,H,1,87.4,87.8,36.617999999999995,0.3999999999997783,,252,525,1313C_5H1
30.891,306,1313,C,4,H,5,39.1,39.4,30.894,0.3000000000000113,,156,526,1313C_4H5
51.48,306,1313,B,6,H,1,123.0,124.0,51.49,1.0000000000005116,,467,527,1313B_6H1
31.949,306,1313,B,4,H,2,99.9,100.3,31.953,0.3999999999997783,,159,528,1313B_4H2
35.294,306,1313,B,4,H,4,134.4,135.0,35.3,0.6000000000000227,,233,529,1313B_4H4
20.376,306,1313,C,3,H,5,73.6,75.2,20.391999999999996,1.5999999999994683,,115,530,1313C_3H5
45.7,306,1313,B,5,H,4,60.0,60.5,45.705,0.4999999999995452,,399,531,1313B_5H4
19.381,306,1313,C,3,H,4,124.1,125.4,19.394,1.2999999999998124,,90,532,1313C_3H4
23.503,306,1313,B,3,H,4,90.3,96.1,23.561,5.799999999999983,,126,533,1313B_3H4
45.864,306,1313,B,5,H,4,76.4,77.2,45.872,0.8000000000002672,,405,534,1313B_5H4
51.624,306,1313,B,6,H,1,137.4,137.6,51.626,0.1999999999995338,,472,535,1313B_6H1
45.968,306,1313,B,5,H,4,86.8,87.1,45.971,0.2999999999993008,,411,536,1313B_5H4
35.300999999999995,306,1313,B,4,H,4,135.1,136.3,35.312999999999995,1.2000000000000457,,234,537,1313B_4H4
54.653,306,1313,B,6,H,3,140.3,140.8,54.658,0.5000000000002558,,522,538,1313B_6H3
33.251,306,1313,B,4,H,3,80.1,80.6,33.25599999999999,0.4999999999995452,,197,539,1313B_4H3
32.714999999999996,306,1313,B,4,H,3,26.5,27.0,32.72,0.5000000000002558,,181,540,1313B_4H3
33.236999999999995,306,1313,B,4,H,3,78.7,79.5,33.245,0.8000000000002672,,196,541,1313B_4H3
47.915,306,1313,B,5,H,5,131.5,131.8,47.918,0.3000000000000113,,434,542,1313B_5H5
35.111999999999995,306,1313,B,4,H,4,116.2,117.0,35.12,0.8000000000002672,,228,543,1313B_4H4
37.342,306,1313,C,5,H,2,10.2,12.3,37.363,2.1000000000000796,,270,544,1313C_5H2
43.856,306,1313,C,5,H,6,61.6,62.4,43.864,0.7999999999995566,,358,545,1313C_5H6
35.434,306,1313,B,4,H,4,148.4,149.3,35.443,0.9000000000000341,,240,546,1313B_4H4
