105.5,15.47
105.525,20.28
105.55,19.25
105.575,17.88
105.6,18.91
105.625,19.25
105.65,18.56
105.675,18.73
105.7,19.32
105.725,19.32
105.75,18.73
105.775,19.32
105.8,19.25
105.825,20.49
105.85,21.07
105.875,19.94
105.9,19.6
105.925,20.28
105.95,20.97
105.975,22.24
106.0,22.35
106.025,20.97
106.05,19.94
106.075,22.83
106.1,24.58
106.125,25.78
106.15,27.22
106.175,26.34
106.2,26.34
106.225,26.05
106.25,26.34
106.275,28.88
106.3,34.04
106.325,34.53
106.35,27.5
106.375,28.1
106.4,27.8
106.425,27.22
106.45,28.19
106.475,30.44
106.5,31.02
106.525,31.31
106.55,30.94
106.575,31.02
106.6,29.85
106.625,28.1
106.65,26.13
106.675,26.34
106.7,25.75
106.725,25.46
106.75,25.46
106.775,26.05
106.8,26.05
106.825,26.34
106.85,25.44
106.875,26.34
106.9,27.22
106.925,26.93
106.95,26.05
106.975,24.29
107.0,20.49
107.022,23.41
107.024,22.69
107.047,24.0
107.049,23.72
107.072,24.58
107.074,24.07
107.097,24.88
107.099,23.72
107.122,24.88
107.124,24.07
107.147,24.58
107.149,23.72
107.172,24.58
107.174,23.72
107.197,24.29
107.199,23.03
107.222,24.0
107.224,23.38
107.247,24.58
107.249,23.72
107.272,24.88
107.274,24.41
107.297,25.46
107.299,24.75
107.322,25.46
107.324,24.75
107.347,25.46
107.349,24.75
107.372,25.75
107.374,24.07
107.397,24.88
107.399,23.72
107.422,24.29
107.424,23.38
107.447,24.0
107.449,23.03
107.472,23.71
107.474,22.69
107.497,23.41
107.499,22.35
107.522,22.83
107.524,21.66
107.547,22.83
107.549,22.69
107.572,23.41
107.574,22.35
107.597,23.41
107.599,22.69
107.622,23.12
107.624,22.35
107.647,23.12
107.649,22.35
107.672,23.12
107.674,22.0
107.697,23.71
107.699,22.69
107.722,23.12
107.724,21.66
107.747,22.83
107.749,21.32
107.772,22.83
107.774,20.97
107.797,22.54
107.799,21.66
107.822,22.83
107.824,21.66
107.847,22.54
107.849,28.19
107.872,22.83
107.874,21.66
107.897,23.12
107.899,22.0
107.922,23.71
107.924,22.35
107.947,23.41
107.949,22.35
107.972,23.12
107.974,21.66
107.997,22.54
107.999,21.32
108.022,21.66
108.024,20.28
108.047,20.19
108.049,19.6
108.072,20.78
108.074,19.6
108.097,21.36
108.099,20.63
108.122,22.24
108.124,21.32
108.147,23.71
108.149,23.38
108.172,25.17
108.174,23.72
108.197,25.17
108.199,24.07
108.222,25.46
108.224,24.75
108.247,25.46
108.249,24.75
108.272,25.46
108.274,23.72
108.297,24.88
108.299,23.72
108.322,24.58
108.324,23.72
108.347,24.29
108.349,23.38
108.372,25.46
108.374,23.72
108.397,26.05
108.399,25.1
108.422,26.63
108.424,25.44
108.447,26.63
108.449,25.78
108.472,25.75
108.474,24.75
108.497,24.29
108.521,26.05
108.524,25.1
108.546,26.34
108.549,24.41
108.571,22.83
108.574,21.66
108.596,19.61
108.599,18.56
108.621,17.85
108.624,16.85
108.646,17.85
108.649,16.5
108.671,19.32
108.674,18.91
108.696,23.71
108.699,23.03
108.721,25.46
108.724,24.75
108.746,26.05
108.749,25.1
108.771,26.34
108.774,25.44
108.796,26.93
108.799,26.13
108.821,28.1
108.824,27.16
108.846,28.97
108.849,27.85
108.871,29.27
108.874,28.19
108.896,29.56
108.899,28.19
108.921,28.97
108.924,27.5
108.946,28.1
108.949,26.82
108.971,27.51
108.974,25.78
108.996,26.34
108.999,25.1
109.021,26.34
109.024,24.75
109.046,26.05
109.049,24.75
109.071,27.51
109.074,26.82
109.096,29.56
109.099,28.88
109.121,30.73
109.124,28.88
109.146,30.73
109.149,29.57
109.171,29.85
109.174,28.53
109.196,28.1
109.199,26.82
109.221,26.34
109.224,24.75
109.246,27.51
109.249,26.82
109.271,29.56
109.274,28.19
109.296,29.56
109.299,28.53
109.321,29.56
109.324,28.19
109.346,29.56
109.349,27.85
109.371,29.85
109.374,28.53
109.396,30.44
109.399,28.88
109.421,31.02
109.424,29.91
109.446,31.61
109.449,29.91
109.471,30.73
109.474,29.57
109.496,30.73
109.499,29.91
109.521,30.73
109.524,29.57
109.546,30.73
109.549,29.57
109.571,30.14
109.574,28.53
109.596,28.97
109.599,27.85
109.621,27.8
109.624,26.47
109.646,27.51
109.649,26.13
109.671,27.51
109.674,26.47
109.696,27.8
109.699,25.78
109.721,27.8
109.724,25.78
109.746,28.1
109.749,27.16
109.771,28.97
109.774,27.85
109.796,29.56
109.799,28.53
109.821,30.14
109.824,28.88
109.846,30.73
109.849,28.88
109.871,29.85
109.874,28.88
109.896,30.73
109.899,29.22
109.921,31.31
109.924,29.57
109.946,31.61
109.949,30.25
109.971,31.31
109.974,29.57
109.996,29.56
109.999,27.16
110.015,31.02
110.019,29.91
110.04,30.73
110.044,28.53
110.065,27.22
110.069,25.78
110.09,24.58
110.094,22.35
110.115,22.83
110.119,21.66
110.14,21.07
110.144,18.56
110.165,17.85
110.169,16.16
110.19,17.27
110.194,15.47
110.215,18.44
110.219,17.19
110.24,18.73
110.244,18.22
110.265,22.24
110.269,22.0
110.29,28.97
110.294,28.53
110.315,32.49
110.319,30.94
110.34,33.95
110.344,32.32
110.365,35.12
110.369,32.66
110.39,34.53
110.394,33.0
110.415,35.12
110.419,34.04
110.44,35.7
110.444,34.04
110.465,35.12
110.469,33.0
110.49,34.83
110.494,33.0
110.515,35.41
110.519,33.69
110.54,36.0
110.544,34.04
110.565,35.7
110.569,34.04
110.59,36.0
110.594,34.04
110.615,35.7
110.619,34.04
110.64,36.0
110.644,34.04
110.665,35.7
110.669,33.69
110.69,35.7
110.694,34.04
110.715,35.41
110.719,34.04
110.74,35.12
110.744,34.04
110.765,36.0
110.769,34.38
110.79,36.58
110.794,34.04
110.815,36.58
110.819,34.38
110.84,36.58
110.844,34.04
110.865,36.58
110.869,34.04
110.89,35.41
110.894,33.35
110.915,35.7
110.919,33.0
110.94,34.53
110.944,32.66
110.965,34.24
110.969,32.66
110.99,34.53
110.994,32.32
111.015,34.24
111.019,31.97
111.04,33.95
111.044,31.29
111.065,33.36
111.069,31.63
111.09,33.36
111.094,31.63
111.115,34.24
111.119,32.32
111.14,34.53
111.144,32.66
111.165,35.12
111.169,33.35
111.19,35.7
111.194,33.35
111.215,35.41
111.219,34.04
111.24,35.7
111.244,33.0
111.265,35.12
111.269,33.0
111.29,34.83
111.294,32.32
111.315,33.36
111.319,31.97
111.34,34.24
111.344,31.97
111.365,34.24
111.369,32.32
111.39,34.24
111.394,31.97
111.415,33.95
111.419,31.63
111.44,33.66
111.444,30.94
111.465,32.49
111.469,29.91
111.49,29.85
111.494,26.47
111.506,29.85
111.511,28.19
111.531,33.07
111.536,30.94
111.556,33.36
111.561,31.29
111.581,33.95
111.586,31.97
111.606,34.24
111.611,31.97
111.631,34.83
111.636,33.0
111.656,36.0
111.661,34.38
111.681,38.34
111.686,37.13
111.706,40.39
111.711,37.82
111.731,39.51
111.736,36.44
111.756,36.58
111.761,33.35
111.781,34.83
111.786,33.0
111.806,35.12
111.811,34.04
111.831,36.88
111.836,34.72
111.856,37.75
111.861,35.41
111.881,37.75
111.886,35.75
111.906,38.34
111.911,35.75
111.931,37.75
111.936,36.1
111.956,38.63
111.961,36.79
111.981,38.63
111.986,36.44
112.006,38.63
112.011,36.1
112.031,38.05
112.036,36.1
112.056,37.75
112.061,35.07
112.081,37.75
112.086,35.07
112.106,36.88
112.111,34.72
112.131,36.29
112.136,34.04
112.156,36.29
112.161,34.04
112.181,36.29
112.186,34.04
112.206,36.0
112.211,33.69
112.231,35.12
112.236,33.69
112.256,36.29
112.261,34.38
112.281,37.46
112.286,35.41
112.306,38.34
112.311,36.1
112.331,38.34
112.336,36.1
112.356,38.63
112.361,36.1
112.381,38.63
112.386,37.13
112.406,38.92
112.411,36.1
112.431,38.63
112.436,36.79
112.456,38.63
112.461,37.13
112.481,38.63
112.486,37.13
112.506,39.51
112.511,37.82
112.531,39.51
112.536,37.82
112.556,40.39
112.561,38.16
112.581,39.51
112.586,38.16
112.606,40.09
112.611,38.16
112.631,40.39
112.636,38.85
112.656,40.97
112.661,39.54
112.681,40.97
112.686,38.85
112.706,41.27
112.711,39.19
112.731,41.85
112.736,39.88
112.756,41.85
112.761,40.22
112.781,42.14
112.786,40.22
112.806,42.14
112.811,40.22
112.831,42.14
112.836,36.44
112.856,42.14
112.861,40.22
112.881,42.14
112.886,41.26
112.906,41.85
112.911,39.54
112.931,40.97
112.936,39.19
112.956,39.8
112.961,37.82
112.981,37.46
112.986,34.38
113.003,33.69
113.006,35.12
113.021,38.05
113.028,36.1
113.046,38.63
113.053,36.79
113.071,39.22
113.078,37.47
113.096,39.51
113.103,38.16
113.121,39.8
113.128,38.51
113.146,40.39
113.153,39.88
113.171,42.14
113.178,40.91
113.196,43.02
113.203,41.6
113.221,43.9
113.228,42.97
113.246,45.07
113.253,43.66
113.271,46.24
113.278,44.35
113.296,47.41
113.303,45.04
113.321,47.41
113.328,45.72
113.346,47.7
113.353,45.72
113.371,48.29
113.378,46.41
113.396,47.7
113.403,45.72
113.421,46.53
113.428,44.35
113.446,46.24
113.453,44.69
113.471,47.7
113.478,46.07
113.496,48.58
113.503,46.41
113.521,49.17
113.528,47.1
113.546,49.17
113.553,47.44
113.571,49.46
113.578,47.44
113.596,49.75
113.603,48.13
113.621,50.05
113.628,48.13
113.646,50.05
113.653,47.79
113.671,49.75
113.678,48.13
113.696,49.46
113.703,48.13
113.721,49.75
113.728,47.44
113.746,49.17
113.753,47.1
113.771,48.58
113.778,46.76
113.796,48.0
113.803,46.41
113.821,48.29
113.828,46.41
113.846,48.29
113.853,46.41
113.871,47.41
113.878,45.38
113.896,47.41
113.903,44.69
113.921,46.53
113.928,44.35
113.946,45.95
113.953,43.32
113.971,45.07
113.978,42.63
113.996,43.31
114.003,41.26
114.021,41.56
114.028,39.19
114.046,40.09
114.053,37.47
114.071,37.75
114.078,35.75
114.096,36.29
114.103,34.04
114.121,35.12
114.128,33.0
114.146,33.95
114.153,31.63
114.171,31.9
114.178,28.53
114.196,29.27
114.202,28.19
114.22,33.36
114.227,31.97
114.245,35.12
114.252,33.69
114.27,35.7
114.277,34.04
114.295,36.0
114.302,34.04
114.32,36.0
114.327,35.07
114.345,37.46
114.352,35.75
114.37,38.63
114.377,36.44
114.395,38.63
114.402,37.13
114.42,39.51
114.427,38.16
114.445,40.97
114.452,39.19
114.47,41.27
114.477,39.88
114.495,42.14
114.502,41.26
114.52,43.9
114.527,42.63
114.545,45.36
114.552,43.66
114.57,45.66
114.577,43.66
114.595,45.66
114.602,44.35
114.62,46.53
114.627,44.69
114.645,46.83
114.652,45.04
114.67,47.41
114.677,45.72
114.695,48.0
114.702,46.76
114.72,49.17
114.727,47.44
114.745,49.17
114.752,47.44
114.77,49.46
114.777,47.1
114.795,48.0
114.802,45.72
114.82,45.66
114.827,43.66
114.845,43.9
114.852,41.26
114.87,40.09
114.877,36.44
114.895,28.68
114.902,20.63
115.0,19.94
115.025,41.27
115.05,46.83
115.075,46.41
115.1,47.44
115.125,48.29
115.15,47.44
115.175,47.41
115.2,47.1
115.225,48.13
115.25,49.51
115.275,50.92
115.3,51.51
115.325,52.39
115.35,52.39
115.375,52.26
115.4,52.94
115.425,53.85
115.45,54.32
115.475,55.01
115.5,54.66
115.525,53.63
115.55,53.98
115.575,54.32
115.6,56.04
115.625,56.04
115.65,57.36
115.675,57.76
115.7,58.45
115.725,57.76
115.75,56.78
115.775,54.32
115.8,52.6
115.825,52.6
115.85,51.57
115.875,50.19
115.9,49.75
115.925,50.05
115.95,51.8
115.975,52.94
116.0,53.98
116.025,53.63
116.05,53.63
116.075,53.29
116.1,52.97
116.125,52.39
116.15,51.8
116.175,51.8
116.2,50.54
116.225,50.54
116.25,50.92
116.275,50.63
116.3,50.05
116.325,48.48
116.35,48.29
116.375,47.44
116.4,47.41
116.425,47.12
116.45,45.38
116.475,41.27
116.524,40.22
116.549,44.48
116.574,45.07
116.599,45.66
116.624,46.24
116.649,46.24
116.674,46.53
116.699,47.41
116.724,45.95
116.749,45.07
116.774,46.07
116.799,46.41
116.824,47.1
116.849,47.41
116.874,47.12
116.899,46.83
116.924,46.53
116.949,45.38
116.974,45.36
116.999,44.78
117.024,44.78
117.049,44.35
117.074,46.07
117.099,47.44
117.124,50.19
117.149,53.63
117.174,58.24
117.199,60.0
117.224,59.48
117.249,58.1
117.274,57.95
117.299,57.36
117.324,56.73
117.349,57.36
117.374,56.19
117.399,53.63
117.424,52.39
117.449,51.23
117.474,51.91
117.499,53.56
117.524,53.29
117.549,53.63
117.574,53.63
117.599,52.6
117.624,52.09
117.649,49.85
117.674,49.51
117.699,49.17
117.724,48.0
117.749,45.38
117.774,44.78
117.799,43.02
117.824,40.22
117.849,40.57
117.874,42.44
117.899,42.29
117.924,44.69
117.949,45.38
117.974,43.31
117.999,36.88
118.017,43.61
118.042,46.41
118.067,47.44
118.092,47.1
118.117,47.41
118.142,48.29
118.167,49.75
118.192,50.92
118.217,52.39
118.242,51.91
118.267,51.91
118.292,52.97
118.317,53.26
118.342,52.94
118.367,54.73
118.392,55.01
118.417,56.38
118.442,58.24
118.467,57.07
118.492,59.12
118.517,59.12
118.542,57.07
118.567,57.07
118.592,54.32
118.617,53.85
118.642,51.8
118.667,48.13
118.692,46.53
118.717,44.48
118.742,41.26
118.767,39.19
118.792,37.47
118.817,38.63
118.842,38.63
118.867,38.63
118.892,38.63
118.917,38.16
118.942,40.39
118.967,41.85
118.992,41.26
119.017,43.61
119.042,44.19
119.067,43.66
119.092,45.38
119.117,46.07
119.142,46.76
119.167,47.1
119.192,48.48
119.217,49.16
119.242,49.46
119.267,48.29
119.292,45.72
119.317,47.12
119.342,48.29
119.367,49.75
119.392,50.92
119.417,50.54
119.442,50.54
119.467,48.13
119.492,40.57
119.51,42.63
119.535,49.17
119.56,50.05
119.585,49.75
119.61,49.17
119.635,47.7
119.66,44.69
119.685,44.01
119.71,44.78
119.735,42.63
119.76,43.31
119.785,42.29
119.81,43.02
119.835,41.26
119.86,43.02
119.885,42.63
119.91,43.9
119.935,43.32
119.96,42.63
119.985,41.6
120.01,40.22
120.035,40.39
120.06,37.82
120.085,38.16
120.11,39.51
120.135,42.14
120.16,44.78
120.185,46.53
120.21,48.29
120.235,48.58
120.26,47.44
120.285,46.76
120.31,46.41
120.335,45.38
120.36,47.41
120.385,47.7
120.41,47.1
120.435,47.79
120.46,49.51
120.485,50.63
120.51,50.05
120.535,49.46
120.56,50.92
120.585,50.19
120.61,51.22
120.635,52.39
120.66,51.8
120.685,51.51
120.71,51.8
120.735,52.97
120.76,53.56
120.785,52.6
120.81,53.63
120.835,53.63
120.86,52.6
120.885,51.23
120.91,51.22
120.935,49.75
120.96,48.0
120.985,43.02
121.006,41.27
121.008,40.22
121.031,46.53
121.033,44.69
121.056,47.41
121.058,46.07
121.081,47.41
121.083,46.41
121.106,47.41
121.108,46.41
121.131,48.29
121.133,47.1
121.156,48.87
121.158,47.44
121.181,49.17
121.183,48.13
121.206,49.17
121.208,47.79
121.231,49.17
121.233,47.44
121.256,49.75
121.258,48.48
121.281,50.92
121.283,49.51
121.306,52.68
121.308,51.57
121.331,53.85
121.333,52.6
121.356,55.31
121.358,53.63
121.381,56.78
121.383,55.35
121.406,57.65
121.408,56.38
121.431,57.95
121.433,56.38
121.456,57.07
121.458,55.35
121.481,56.78
121.483,55.35
121.506,54.73
121.508,53.98
121.531,54.73
121.533,53.63
121.556,54.44
121.558,53.63
121.581,55.02
121.583,52.94
121.606,54.73
121.608,52.94
121.631,55.02
121.633,53.63
121.656,54.73
121.658,53.29
121.681,54.73
121.683,53.29
121.706,54.14
121.708,52.6
121.731,52.97
121.733,50.88
121.756,51.8
121.758,49.85
121.781,50.05
121.783,48.13
121.806,48.0
121.808,46.41
121.831,46.53
121.833,44.69
121.856,44.78
121.858,42.97
121.881,43.31
121.883,41.26
121.906,41.85
121.908,40.22
121.931,41.27
121.933,39.19
121.956,40.68
121.958,39.19
121.981,40.39
121.983,39.19
122.006,39.8
122.008,38.85
122.031,39.51
122.033,38.16
122.056,39.51
122.058,38.16
122.081,40.39
122.083,38.85
122.106,40.97
122.108,39.54
122.131,42.14
122.133,41.26
122.156,44.48
122.158,42.63
122.181,46.53
122.183,44.69
122.206,48.29
122.208,47.1
122.231,49.17
122.233,48.48
122.256,50.92
122.258,49.51
122.281,52.68
122.283,51.23
122.306,53.56
122.308,52.6
122.331,55.31
122.333,54.32
122.356,55.61
122.358,53.98
122.381,55.31
122.383,54.66
122.406,55.9
122.408,55.01
122.431,55.31
122.433,54.32
122.456,53.56
122.458,54.66
122.481,41.56
122.483,48.48
122.5,27.22
122.505,48.48
122.525,50.05
122.53,54.66
122.55,56.48
122.555,56.04
122.575,56.78
122.58,56.38
122.6,56.19
122.605,55.35
122.625,55.61
122.63,53.98
122.65,54.14
122.655,51.57
122.675,51.8
122.68,48.82
122.7,49.17
122.705,46.76
122.725,47.12
122.73,44.35
122.75,44.78
122.755,42.97
122.775,43.31
122.78,41.26
122.8,42.73
122.805,41.26
122.825,43.02
122.83,41.26
122.85,42.73
122.855,41.26
122.875,40.68
122.88,42.29
122.9,44.78
122.905,43.32
122.925,45.36
122.93,44.01
122.95,46.24
122.955,45.04
122.975,47.12
122.98,46.41
123.0,47.12
123.005,45.38
123.025,45.66
123.03,42.97
123.05,40.97
123.055,42.29
123.075,43.9
123.08,41.94
123.1,44.78
123.105,44.01
123.125,47.12
123.13,46.41
123.15,50.05
123.155,48.48
123.175,51.22
123.18,49.51
123.2,51.8
123.205,50.54
123.225,46.53
123.23,50.54
123.25,51.22
123.255,49.51
123.275,50.05
123.28,48.13
123.3,49.46
123.305,48.13
123.325,49.46
123.33,48.48
123.35,49.46
123.355,47.79
123.375,49.46
123.38,48.48
123.4,49.75
123.405,48.48
123.425,49.75
123.43,47.44
123.45,48.87
123.455,47.44
123.475,47.7
123.48,45.72
123.5,46.53
123.505,44.35
123.525,45.66
123.53,43.66
123.55,44.19
123.555,41.94
123.575,42.44
123.58,41.26
123.6,42.14
123.605,41.26
123.625,43.31
123.63,42.29
123.65,44.19
123.655,42.97
123.675,43.61
123.68,40.22
123.7,40.09
123.705,40.22
123.725,43.9
123.73,43.32
123.75,45.66
123.755,43.66
123.775,45.36
123.78,43.32
123.8,44.48
123.805,42.97
123.825,44.78
123.83,43.32
123.85,45.07
123.855,43.32
123.875,44.78
123.88,43.66
123.9,44.48
123.905,42.97
123.925,43.9
123.93,42.63
123.95,42.73
123.955,40.57
123.975,38.63
123.98,34.38
124.001,34.53
124.006,35.75
124.026,40.09
124.031,39.54
124.051,41.27
124.056,40.22
124.076,39.8
124.081,41.26
124.101,42.14
124.106,40.91
124.126,42.14
124.131,41.26
124.151,42.73
124.156,41.6
124.176,43.02
124.181,41.6
124.201,43.02
124.206,42.29
124.226,43.9
124.231,42.29
124.251,43.9
124.256,43.32
124.276,44.78
124.281,43.66
124.301,45.66
124.306,45.04
124.326,45.95
124.331,45.04
124.351,45.95
124.356,44.35
124.376,45.66
124.381,44.35
124.401,44.78
124.406,43.66
124.426,44.48
124.431,42.97
124.451,43.9
124.456,42.29
124.476,43.31
124.481,42.29
124.501,43.02
124.506,42.29
124.526,43.9
124.531,42.29
124.551,42.73
124.556,41.94
124.576,44.78
124.581,42.97
124.601,48.29
124.606,36.44
126.0,15.8
126.025,27.5
126.05,29.57
126.075,32.66
126.1,35.75
126.125,36.1
126.15,35.07
126.175,32.32
126.2,32.66
126.225,32.49
126.25,31.61
126.275,31.9
126.3,32.66
126.325,32.66
126.35,35.07
126.375,36.88
126.4,36.88
126.425,37.82
126.45,38.34
126.475,36.88
126.5,36.0
126.525,35.41
126.55,34.53
126.575,34.72
126.6,35.07
126.625,35.12
126.65,36.0
126.675,36.1
126.7,36.1
126.725,36.29
126.75,36.1
126.775,36.1
126.8,36.29
126.825,36.1
126.85,36.44
126.875,36.1
126.9,36.44
126.925,36.44
126.95,37.46
126.975,37.75
127.0,38.05
127.025,38.16
127.05,39.22
127.075,40.22
127.1,42.29
127.125,44.69
127.15,45.72
127.175,46.76
127.2,47.41
127.225,47.12
127.25,47.41
127.275,46.41
127.3,46.53
127.325,45.38
127.35,43.66
127.375,42.44
127.4,40.57
127.425,39.19
127.45,38.51
127.475,33.35
127.502,31.63
127.524,36.0
127.527,35.41
127.549,37.46
127.552,38.16
127.574,38.34
127.577,38.16
127.599,37.75
127.602,38.16
127.624,37.46
127.627,37.47
127.649,36.29
127.652,36.1
127.674,36.0
127.677,35.75
127.699,35.7
127.702,36.1
127.724,35.7
127.727,35.07
127.749,35.41
127.752,35.07
127.774,35.41
127.777,34.72
127.799,35.7
127.802,35.07
127.824,34.24
127.827,34.04
127.849,33.36
127.852,33.0
127.874,33.36
127.877,33.0
127.899,34.24
127.902,34.04
127.924,35.12
127.927,35.07
127.949,35.41
127.952,34.72
127.974,35.7
127.977,35.07
127.999,36.58
128.002,36.44
128.024,37.75
128.027,37.13
128.049,38.63
128.052,38.51
128.074,39.22
128.077,38.51
128.099,39.51
128.102,39.19
128.124,39.51
128.127,38.51
128.149,39.22
128.152,38.16
128.174,38.63
128.177,38.16
128.199,38.92
128.202,38.51
128.224,39.22
128.227,39.19
128.249,40.39
128.252,40.22
128.274,41.85
128.277,41.26
128.299,42.73
128.302,42.29
128.324,42.73
128.327,42.29
128.349,41.56
128.352,41.94
128.374,42.14
128.377,41.26
128.399,42.44
128.402,42.29
128.424,43.61
128.427,43.32
128.449,44.19
128.452,43.66
128.474,45.07
128.477,44.35
128.499,45.07
128.502,45.04
128.524,45.66
128.527,45.72
128.549,46.53
128.552,46.41
128.574,46.53
128.577,46.41
128.599,46.83
128.602,46.41
128.624,45.66
128.627,45.04
128.649,45.07
128.652,44.01
128.674,44.19
128.677,43.32
128.699,43.61
128.702,42.97
128.724,42.14
128.727,41.94
128.749,40.97
128.752,40.22
128.774,38.92
128.777,37.82
128.799,36.88
128.802,36.1
128.824,35.12
128.827,35.07
128.849,35.12
128.852,34.38
128.874,34.24
128.877,34.04
128.899,34.24
128.902,33.69
128.924,33.95
128.927,34.04
128.949,32.49
128.952,31.97
128.974,30.73
128.977,30.25
128.999,28.68
129.002,27.16
129.015,31.02
129.02,30.94
129.04,33.66
129.045,33.35
129.065,34.24
129.07,34.04
129.09,36.0
129.095,36.1
129.115,38.05
129.12,38.51
129.14,39.22
129.145,38.85
129.165,39.51
129.17,38.85
129.19,37.75
129.195,37.47
129.215,37.17
129.22,36.44
129.24,36.88
129.245,37.13
129.265,36.29
129.27,36.1
129.29,35.41
129.295,35.07
129.315,35.12
129.32,35.07
129.34,36.58
129.345,37.13
129.365,38.05
129.37,38.16
129.39,40.09
129.395,39.54
129.415,40.97
129.42,40.57
129.44,41.27
129.445,40.22
129.465,41.85
129.47,40.91
129.49,41.85
129.495,41.6
129.515,41.85
129.52,41.6
129.54,44.19
129.545,44.35
129.565,46.83
129.57,46.76
129.59,47.7
129.595,46.76
129.615,47.41
129.62,46.41
129.64,47.12
129.645,46.41
129.665,47.41
129.67,46.41
129.69,47.12
129.695,46.41
129.715,46.53
129.72,46.41
129.74,45.95
129.745,44.35
129.765,44.19
129.77,43.32
129.79,40.97
129.795,39.54
129.815,36.58
129.82,35.07
129.84,32.78
129.845,31.97
129.865,32.78
129.87,32.32
129.89,34.83
129.895,34.72
129.915,36.0
129.92,35.07
129.94,35.12
129.945,34.04
129.965,33.95
129.97,33.0
129.99,34.24
129.995,33.35
130.015,35.12
130.02,34.04
130.04,34.83
130.045,34.04
130.065,34.24
130.07,33.35
130.09,33.95
130.095,33.35
130.115,34.24
130.12,33.35
130.14,34.24
130.145,34.04
130.165,35.7
130.17,35.07
130.19,36.88
130.195,37.13
130.215,38.34
130.22,38.16
130.24,39.22
130.245,38.16
130.265,40.68
130.27,40.22
130.29,41.85
130.295,41.26
130.315,41.56
130.32,40.91
130.34,40.39
130.345,39.19
130.365,38.92
130.37,38.51
130.39,38.63
130.395,38.85
130.415,39.51
130.42,39.19
130.44,39.22
130.445,38.16
130.465,38.05
130.47,36.79
130.49,34.53
130.495,32.32
130.507,35.12
130.513,34.04
130.532,37.75
130.538,37.13
130.557,39.51
130.563,39.54
130.582,41.56
130.588,37.13
130.607,41.85
130.613,41.94
130.632,43.02
130.638,42.29
130.657,43.02
130.663,43.32
130.682,43.61
130.688,42.97
130.707,43.61
130.713,43.32
130.732,43.31
130.738,42.63
130.757,42.73
130.763,41.94
130.782,41.56
130.788,40.91
130.807,41.56
130.813,41.26
130.832,41.85
130.838,41.26
130.857,42.14
130.863,41.94
130.882,43.02
130.888,41.94
130.907,42.14
130.913,41.26
130.932,41.27
130.938,40.91
130.957,40.39
130.963,39.54
130.982,39.8
130.988,38.85
131.007,39.51
131.013,38.16
131.032,38.05
131.038,37.13
131.057,36.58
131.063,34.72
131.082,34.53
131.088,33.0
131.107,33.36
131.113,32.32
131.132,33.36
131.138,32.66
131.157,33.36
131.163,33.0
131.182,33.66
131.188,33.35
131.207,33.66
131.213,33.35
131.232,33.66
131.238,33.35
131.257,35.41
131.263,35.07
131.282,37.17
131.288,36.79
131.307,37.75
131.313,37.13
131.332,37.46
131.338,36.44
131.357,37.17
131.363,36.79
131.382,38.05
131.388,37.82
131.407,39.51
131.413,39.19
131.432,40.97
131.438,40.22
131.457,40.97
131.463,40.22
131.482,40.97
131.488,40.57
131.507,40.97
131.513,40.91
131.532,42.14
131.538,41.6
131.557,42.14
131.563,41.26
131.582,41.27
131.588,40.57
131.607,40.68
131.613,39.54
131.632,40.39
131.638,39.19
131.657,39.51
131.663,39.19
131.682,39.22
131.688,38.16
131.707,38.63
131.713,38.16
131.732,38.92
131.738,38.16
131.757,38.92
131.763,38.16
131.782,38.63
131.788,38.85
131.807,39.22
131.813,38.51
131.832,39.51
131.838,38.16
131.857,38.05
131.863,37.13
131.882,36.88
131.888,35.07
131.907,34.24
131.913,33.0
131.932,33.07
131.938,31.63
131.957,32.49
131.963,30.6
131.982,30.14
131.988,27.85
132.007,28.39
132.013,26.13
132.015,30.44
132.023,29.91
132.04,31.61
132.048,30.94
132.065,31.31
132.073,30.6
132.09,30.73
132.098,29.91
132.115,29.85
132.123,29.57
132.14,29.27
132.148,29.57
132.165,29.85
132.173,29.22
132.19,29.85
132.198,29.91
132.215,31.31
132.223,30.94
132.24,32.49
132.248,32.32
132.265,34.24
132.273,34.38
132.29,36.58
132.298,36.44
132.315,37.46
132.323,37.82
132.34,39.22
132.348,38.16
132.365,35.41
132.373,31.97
132.39,28.39
132.398,25.78
132.415,24.58
132.423,22.69
132.44,21.07
132.448,20.63
132.465,21.95
132.473,22.0
132.49,22.24
132.498,20.63
132.515,22.54
132.523,22.35
132.54,21.66
132.548,20.63
132.565,22.54
132.573,24.75
132.59,28.97
132.598,28.19
132.615,27.22
132.623,26.47
132.64,29.27
132.648,30.25
132.665,33.36
132.673,34.04
132.69,34.83
132.698,34.72
132.715,36.0
132.723,36.44
132.74,38.63
132.748,38.16
132.765,39.51
132.773,38.51
132.79,38.92
132.798,38.16
132.815,38.63
132.823,37.47
132.84,38.05
132.848,37.82
132.865,38.63
132.873,37.47
132.89,38.63
132.898,37.47
132.915,37.75
132.923,37.13
132.94,37.17
132.948,36.1
132.965,37.75
132.973,37.82
132.99,38.92
132.998,38.85
133.015,39.51
133.023,39.19
133.04,40.39
133.048,39.88
133.065,39.51
133.073,39.19
133.09,38.34
133.098,37.13
133.115,37.46
133.123,36.1
133.14,36.29
133.148,35.07
133.165,35.7
133.173,34.38
133.19,35.12
133.198,34.04
133.215,34.53
133.223,33.0
133.24,33.66
133.248,33.0
133.265,34.24
133.273,34.04
133.29,35.12
133.298,34.38
133.315,35.41
133.323,35.07
133.34,36.0
133.348,35.75
133.365,36.29
133.373,35.07
133.39,36.58
133.398,35.75
133.415,36.88
133.423,37.13
133.44,37.75
133.448,36.79
133.465,36.88
133.473,35.07
133.49,33.66
133.498,32.32
133.509,34.83
133.52,36.1
133.534,37.75
133.545,36.44
133.559,36.88
133.57,35.41
133.584,36.0
133.595,35.41
133.609,36.0
133.62,36.1
133.634,36.88
133.645,36.44
133.659,36.29
133.67,35.75
133.684,36.0
133.695,35.07
133.709,35.7
133.72,34.72
133.734,23.12
133.745,34.38
133.759,34.24
133.77,33.35
133.784,34.24
133.795,33.69
133.809,34.53
133.82,33.35
133.834,34.24
133.845,33.35
133.859,33.66
133.87,33.0
133.884,33.95
133.895,33.69
133.909,34.83
133.92,34.38
133.934,35.12
133.945,35.07
133.959,35.7
133.97,35.07
133.984,35.7
133.995,35.07
134.009,36.0
134.02,35.41
134.034,36.58
134.045,35.75
134.059,37.46
134.07,37.13
134.084,37.75
134.095,37.13
134.109,38.34
134.12,37.47
134.134,38.34
134.145,36.79
134.159,37.17
134.17,36.1
134.184,36.0
134.195,35.07
134.209,36.0
134.22,35.07
134.234,35.7
134.245,35.41
134.259,36.29
134.27,36.44
134.284,37.46
134.295,37.13
134.309,37.75
134.32,38.16
134.334,38.63
134.345,38.51
134.359,38.63
134.37,37.13
134.384,34.53
134.395,28.88
134.409,19.9
135.5,12.38
135.525,28.68
135.55,32.49
135.575,32.78
135.6,36.79
135.625,38.16
135.65,39.19
135.675,39.54
135.7,38.51
135.725,37.47
135.75,36.58
135.775,35.41
135.8,35.07
135.825,35.12
135.85,36.1
135.875,36.1
135.9,36.0
135.925,36.88
135.95,37.47
135.975,38.34
136.0,39.19
136.025,39.22
136.05,40.22
136.075,40.91
136.1,40.68
136.125,41.26
136.15,40.68
136.175,41.27
136.2,40.97
136.225,40.97
136.25,40.97
136.275,40.68
136.3,39.54
136.325,38.16
136.35,36.44
136.375,36.44
136.4,37.46
136.425,37.82
136.45,38.16
136.475,38.16
136.5,38.92
136.525,38.92
136.55,39.54
136.575,40.39
136.6,39.51
136.625,38.63
136.65,37.13
136.675,36.79
136.7,36.1
136.725,37.17
136.75,36.88
136.775,35.75
136.8,35.07
136.825,34.04
136.85,33.69
136.875,33.35
136.9,33.0
136.925,33.07
136.95,33.36
136.975,34.72
137.0,30.14
137.02,35.12
137.025,34.04
137.045,39.51
137.05,40.22
137.07,40.39
137.075,41.6
137.095,41.27
137.1,42.63
137.12,41.56
137.125,42.63
137.145,40.97
137.15,41.26
137.17,40.39
137.175,41.94
137.195,40.68
137.2,41.6
137.22,40.68
137.225,42.29
137.245,41.85
137.25,42.97
137.27,43.02
137.275,44.35
137.295,43.02
137.3,44.35
137.32,42.73
137.325,43.66
137.345,41.85
137.35,42.63
137.37,41.27
137.375,42.29
137.395,40.39
137.4,41.26
137.42,38.63
137.425,39.19
137.445,37.46
137.45,38.16
137.47,37.17
137.475,38.16
137.495,37.17
137.5,37.82
137.52,37.46
137.525,38.16
137.545,36.88
137.55,37.47
137.57,36.88
137.575,37.47
137.595,36.0
137.6,36.79
137.62,36.58
137.625,36.79
137.645,36.88
137.65,37.82
137.67,37.75
137.675,38.16
137.695,38.63
137.7,39.19
137.72,38.92
137.725,40.57
137.745,40.09
137.75,40.22
137.77,40.09
137.775,39.88
137.795,38.63
137.8,39.54
137.82,38.05
137.825,38.51
137.845,38.05
137.85,38.85
137.87,38.34
137.875,38.85
137.895,37.75
137.9,38.51
137.92,38.63
137.925,39.88
137.945,39.51
137.95,39.88
137.97,40.68
137.975,41.26
137.995,41.27
138.0,41.6
138.02,42.14
138.025,42.29
138.045,42.14
138.05,42.63
138.07,43.02
138.075,43.32
138.095,42.14
138.1,41.94
138.12,39.8
138.125,39.88
138.145,39.22
138.15,39.19
138.17,39.22
138.175,39.19
138.195,41.27
138.2,42.29
138.22,42.73
138.225,42.97
138.245,40.68
138.25,40.91
138.27,40.97
138.275,41.6
138.295,40.97
138.3,41.26
138.32,40.09
138.325,40.57
138.345,39.51
138.35,40.57
138.37,40.39
138.375,41.26
138.395,40.97
138.4,41.26
138.42,40.97
138.425,41.26
138.445,40.39
138.45,40.57
138.47,38.63
138.475,39.19
138.495,35.12
138.517,39.51
138.52,39.19
138.542,42.14
138.545,42.63
138.567,43.02
138.57,42.97
138.592,42.44
138.595,42.29
138.617,42.14
138.62,42.29
138.642,41.56
138.645,41.6
138.667,42.14
138.67,41.94
138.692,43.02
138.695,42.29
138.717,43.61
138.72,43.66
138.742,44.48
138.745,44.35
138.767,45.66
138.77,45.38
138.792,45.95
138.795,45.38
138.817,45.07
138.82,44.69
138.842,43.9
138.845,42.97
138.867,42.44
138.87,41.94
138.892,41.27
138.895,40.57
138.917,39.51
138.92,39.19
138.942,40.68
138.945,41.26
138.967,41.56
138.97,41.26
138.992,41.56
138.995,41.26
139.017,40.39
139.02,39.54
139.042,38.63
139.045,38.16
139.067,37.75
139.07,37.13
139.092,37.17
139.095,35.75
139.117,36.58
139.12,36.44
139.142,35.7
139.145,36.1
139.167,36.88
139.17,36.44
139.192,38.05
139.195,37.82
139.217,38.34
139.22,37.82
139.242,38.34
139.245,38.16
139.267,38.63
139.27,38.51
139.292,38.63
139.295,38.51
139.317,39.22
139.32,38.51
139.342,38.34
139.345,37.82
139.367,37.17
139.37,36.79
139.392,37.17
139.395,36.79
139.417,38.34
139.42,37.82
139.442,39.22
139.445,39.19
139.467,40.39
139.47,39.54
139.492,41.85
139.495,41.26
139.517,42.73
139.52,42.63
139.542,43.9
139.545,43.66
139.567,45.07
139.57,44.69
139.592,45.36
139.595,45.38
139.617,45.07
139.62,44.35
139.642,45.95
139.645,45.38
139.667,45.07
139.67,44.35
139.692,45.66
139.695,45.38
139.717,47.41
139.72,47.1
139.742,48.0
139.745,47.44
139.767,48.29
139.77,48.48
139.792,50.05
139.795,50.54
139.817,51.51
139.82,51.23
139.842,50.92
139.845,51.23
139.867,50.34
139.87,49.85
139.892,48.0
139.895,47.1
139.917,45.66
139.92,44.69
139.942,44.78
139.945,44.69
139.967,44.19
139.97,44.01
139.992,41.27
139.995,41.6
140.024,44.35
140.025,44.19
140.049,45.38
140.05,45.07
140.074,44.69
140.075,43.9
140.099,42.29
140.1,41.56
140.124,40.22
140.125,39.8
140.149,40.22
140.15,38.63
140.174,40.57
140.175,38.05
140.199,38.16
140.2,37.75
140.224,38.16
140.225,36.88
140.249,37.47
140.25,36.88
140.274,37.47
140.275,36.88
140.299,37.47
140.3,36.88
140.324,37.47
140.325,36.88
140.349,37.13
140.35,36.58
140.374,36.44
140.375,36.0
140.399,37.13
140.4,36.0
140.424,36.44
140.425,35.7
140.449,36.44
140.45,36.0
140.474,36.1
140.475,35.7
140.499,36.1
140.5,35.41
140.524,36.79
140.525,36.29
140.549,37.47
140.55,36.58
140.574,36.79
140.575,36.0
140.599,37.13
140.6,36.58
140.624,38.51
140.625,38.63
140.649,40.22
140.65,39.51
140.674,40.22
140.675,40.09
140.699,39.19
140.7,38.34
140.724,39.19
140.725,38.92
140.749,41.94
140.75,41.56
140.774,43.32
140.775,43.02
140.799,43.32
140.8,43.02
140.824,44.01
140.825,43.31
140.849,43.32
140.85,42.44
140.874,42.63
140.875,42.44
140.899,42.97
140.9,42.14
140.924,42.29
140.925,42.44
140.949,43.66
140.95,43.02
140.974,44.35
140.975,44.19
140.999,45.38
141.0,45.36
141.024,46.76
141.025,46.53
141.049,48.48
141.05,48.29
141.074,51.57
141.075,50.63
141.099,52.6
141.1,52.68
141.124,52.94
141.125,52.09
141.149,53.29
141.15,52.68
141.174,54.66
141.175,53.56
141.199,55.69
141.2,55.31
141.224,58.79
141.225,57.95
141.249,59.13
141.25,58.24
141.274,57.41
141.275,56.48
141.299,55.35
141.3,55.02
141.324,54.32
141.325,53.26
141.349,51.57
141.35,50.34
141.374,49.85
141.375,49.17
141.399,48.13
141.4,48.0
141.424,47.1
141.425,46.53
141.449,46.76
141.45,45.95
141.474,45.38
141.475,44.19
141.499,40.57
141.5,39.8
141.518,40.22
141.525,42.14
141.543,44.01
141.55,44.48
141.568,44.35
141.575,44.48
141.593,44.69
141.6,44.78
141.618,44.35
141.625,44.19
141.643,43.32
141.65,43.31
141.668,42.63
141.675,43.02
141.693,42.29
141.7,42.14
141.718,41.26
141.725,40.97
141.743,40.22
141.75,40.09
141.768,39.54
141.775,39.8
141.793,39.19
141.8,39.22
141.818,38.51
141.825,38.63
141.843,38.51
141.85,39.22
141.868,38.16
141.875,38.92
141.893,38.16
141.9,38.63
141.918,39.19
141.925,40.39
141.943,41.6
141.95,42.14
141.968,43.32
141.975,43.9
141.993,44.35
142.0,45.07
142.018,45.72
142.025,46.53
142.043,47.44
142.05,47.41
142.068,47.79
142.075,48.58
142.093,50.19
142.1,51.8
142.118,56.04
142.125,57.65
142.143,56.04
142.15,55.02
142.168,45.72
142.175,42.14
142.193,37.82
142.2,38.92
142.218,42.63
142.225,44.78
142.243,46.76
142.25,47.12
142.268,47.44
142.275,47.7
142.293,46.41
142.3,47.12
142.318,45.72
142.325,46.53
142.343,46.07
142.35,45.66
142.368,45.38
142.375,45.95
142.393,45.72
142.4,46.24
142.418,46.41
142.425,46.24
142.443,46.07
142.45,46.53
142.468,45.38
142.475,46.53
142.493,45.38
142.5,45.66
142.518,45.38
142.525,45.66
142.543,46.07
142.55,46.24
142.568,46.07
142.575,45.95
142.593,46.41
142.6,46.53
142.618,46.76
142.625,46.83
142.643,47.44
142.65,47.7
142.668,47.44
142.675,48.29
142.693,47.44
142.7,48.0
142.718,47.79
142.725,48.58
142.743,48.82
142.75,49.17
142.768,48.82
142.775,49.46
142.793,48.82
142.8,49.17
142.818,48.82
142.825,48.87
142.843,48.13
142.85,47.7
142.868,47.1
142.875,47.41
142.893,46.76
142.9,46.83
142.918,45.72
142.925,45.66
142.943,44.01
142.95,43.9
142.968,42.29
142.975,39.51
142.993,39.54
143.0,40.09
143.018,35.07
143.025,36.29
143.045,36.79
143.05,38.34
143.07,38.16
143.075,39.22
143.095,39.54
143.1,39.8
143.12,40.91
143.125,41.27
143.145,42.29
143.15,42.73
143.17,44.01
143.175,43.61
143.195,44.01
143.2,44.78
143.22,45.04
143.225,44.78
143.245,45.38
143.25,45.66
143.27,46.41
143.275,46.24
143.295,45.38
143.3,45.95
143.32,46.41
143.325,47.12
143.345,48.13
143.35,48.87
143.37,49.51
143.375,50.05
143.395,50.54
143.4,51.8
143.42,52.6
143.425,53.56
143.445,53.98
143.45,55.02
143.47,54.66
143.475,55.31
143.495,55.01
143.5,54.73
143.52,55.01
143.525,55.02
143.545,53.63
143.55,53.56
143.57,52.6
143.575,52.39
143.595,50.54
143.6,49.75
143.62,48.13
143.625,47.41
143.645,46.41
143.65,46.53
143.67,45.38
143.675,45.66
143.695,43.32
143.7,44.19
143.72,45.04
143.725,45.95
143.745,48.13
143.75,49.75
143.77,51.91
143.775,52.68
143.795,50.54
143.8,50.05
143.82,49.16
143.825,48.58
143.845,47.79
143.85,47.41
143.87,46.76
143.875,47.41
143.895,46.76
143.9,46.83
143.92,46.41
143.925,45.95
143.945,46.41
143.95,46.83
143.97,47.1
143.975,47.12
143.995,48.13
144.0,48.29
144.02,49.51
144.025,49.46
144.045,50.19
144.05,49.75
144.07,50.88
144.075,51.22
144.095,51.57
144.1,51.8
144.12,51.91
144.125,52.09
144.145,51.23
144.15,50.63
144.17,49.51
144.175,49.17
144.195,48.13
144.2,48.0
144.22,47.44
144.225,46.83
144.245,46.41
144.25,46.83
144.27,46.76
144.275,47.41
144.295,48.48
144.3,49.46
144.32,50.88
144.325,51.51
144.345,52.26
144.35,51.8
144.37,50.54
144.375,50.05
144.395,47.79
144.4,47.7
144.42,46.76
144.425,46.53
144.445,45.72
144.45,46.24
144.47,45.72
144.475,45.95
144.495,44.01
144.5,45.66
144.52,33.0
144.525,41.27
144.547,41.27
144.555,43.32
144.572,45.36
144.58,47.44
144.597,47.41
144.605,48.48
144.622,47.7
144.63,48.48
144.647,48.0
144.655,49.51
144.672,48.29
144.68,49.85
144.697,48.87
144.705,49.85
144.722,47.41
144.73,48.48
144.747,46.24
144.755,47.1
144.772,45.95
144.78,47.44
144.797,45.66
144.805,46.76
144.822,45.07
144.83,45.72
144.847,44.78
144.855,45.72
144.872,45.07
144.88,46.07
144.897,44.19
144.905,45.38
144.922,43.02
144.93,43.32
144.947,43.61
144.955,44.35
144.972,43.61
144.98,44.35
144.997,43.9
145.0,16.68
145.005,44.01
145.022,42.73
145.025,30.73
145.03,43.32
145.047,42.14
145.05,32.32
145.055,42.29
145.072,40.68
145.075,32.66
145.08,42.29
145.097,40.97
145.1,33.0
145.105,42.29
145.122,40.97
145.125,36.29
145.13,42.63
145.147,40.97
145.15,36.44
145.155,41.94
145.172,38.05
145.175,37.13
145.18,38.16
145.197,26.34
145.2,36.44
145.205,25.1
145.225,37.75
145.25,37.17
145.275,37.46
145.3,35.12
145.325,31.61
145.35,29.57
145.375,32.19
145.4,30.25
145.425,32.78
145.45,31.63
145.475,34.53
145.5,32.66
145.525,32.66
145.55,32.66
145.575,32.32
145.6,32.49
145.625,32.32
145.65,35.7
145.675,35.41
145.7,34.72
145.725,34.72
145.75,35.41
145.775,34.72
145.8,36.0
145.825,36.88
145.85,35.07
145.875,37.46
145.9,36.1
145.925,36.1
145.95,36.29
145.975,36.0
146.0,35.07
146.025,36.44
146.05,37.46
146.075,39.22
146.1,38.85
146.125,40.68
146.15,39.8
146.175,40.22
146.2,42.73
146.225,42.73
146.25,41.6
146.275,44.69
146.3,47.1
146.325,47.1
146.35,45.04
146.375,44.69
146.4,45.95
146.425,44.35
146.45,45.66
146.475,40.91
146.5,40.97
146.502,38.85
146.523,45.07
146.527,44.01
146.548,46.83
146.552,45.04
146.573,47.12
146.577,45.72
146.598,47.41
146.602,46.07
146.623,48.29
146.627,47.44
146.648,48.87
146.652,46.76
146.673,48.58
146.677,47.44
146.698,49.17
146.702,47.79
146.723,50.92
146.727,49.51
146.748,52.39
146.752,50.88
146.773,53.56
146.777,51.57
146.798,53.85
146.802,51.91
146.823,53.56
146.827,51.57
146.848,53.26
146.852,52.26
146.873,54.14
146.877,52.26
146.898,55.31
146.902,53.29
146.923,55.02
146.927,53.29
146.948,55.31
146.952,53.63
146.973,54.73
146.977,53.63
146.998,54.44
147.002,52.6
147.023,54.14
147.027,51.91
147.048,53.26
147.052,51.91
147.073,54.14
147.077,52.26
147.098,54.44
147.102,52.94
147.123,55.02
147.127,53.29
147.148,54.44
147.152,51.91
147.173,52.68
147.177,50.54
147.198,50.92
147.202,48.82
147.223,49.17
147.227,47.1
147.248,47.41
147.252,44.69
147.273,45.95
147.277,44.01
147.298,44.78
147.302,42.63
147.323,43.9
147.327,41.94
147.348,43.61
147.352,40.91
147.373,42.14
147.377,40.22
147.398,41.56
147.402,39.54
147.423,41.27
147.427,39.88
147.448,42.14
147.452,40.22
147.473,42.14
147.477,39.88
147.498,42.44
147.502,40.57
147.523,43.31
147.527,41.94
147.548,44.78
147.552,42.97
147.573,45.95
147.577,45.04
147.598,48.29
147.602,47.1
147.623,50.63
147.627,49.16
147.648,50.63
147.652,48.48
147.673,50.05
147.677,47.79
147.698,49.17
147.702,47.44
147.723,48.58
147.727,46.76
147.748,47.7
147.752,45.04
147.773,45.95
147.777,44.01
147.798,44.78
147.802,43.32
147.823,45.66
147.827,43.66
147.848,46.53
147.852,44.69
147.873,48.0
147.877,46.41
147.898,48.58
147.902,46.76
147.923,49.17
147.927,48.13
147.948,49.46
147.952,47.79
147.973,47.41
147.977,44.69
147.998,40.97
148.002,37.13
148.016,44.19
148.022,43.32
148.041,48.58
148.047,47.44
148.066,50.92
148.072,50.19
148.091,52.68
148.097,52.26
148.116,55.61
148.122,54.66
148.141,57.95
148.147,57.07
148.166,60.0
148.172,58.45
148.191,60.58
148.197,58.1
148.216,59.41
148.222,56.73
148.241,57.95
148.247,55.69
148.266,55.9
148.272,53.29
148.291,53.85
148.297,51.23
148.316,50.92
148.322,48.13
148.341,47.41
148.347,45.04
148.366,44.78
148.372,41.94
148.391,42.73
148.397,39.88
148.416,40.39
148.422,38.16
148.441,39.51
148.447,36.79
148.466,38.34
148.472,36.1
148.491,38.05
148.497,36.44
148.516,37.75
148.522,35.75
148.541,37.75
148.547,35.41
148.566,38.05
148.572,36.1
148.591,38.34
148.597,36.79
148.616,39.51
148.622,37.13
148.641,40.09
148.647,38.16
148.666,40.97
148.672,38.51
148.691,40.68
148.697,39.19
148.716,41.85
148.722,39.54
148.741,42.14
148.747,40.57
148.766,43.02
148.772,41.26
148.791,45.07
148.797,43.32
148.816,46.83
148.822,45.04
148.841,47.41
148.847,45.38
148.866,48.29
148.872,45.38
148.891,48.58
148.897,46.76
148.916,50.92
148.922,49.85
148.941,51.8
148.947,49.51
148.966,50.34
148.972,48.13
148.991,49.46
148.997,47.44
149.016,49.75
149.022,48.13
149.041,49.75
149.047,47.44
149.066,49.46
149.072,47.44
149.091,49.17
149.097,47.44
149.116,49.46
149.122,47.44
149.141,50.63
149.147,48.48
149.166,51.8
149.172,49.51
149.191,51.8
149.197,49.85
149.216,52.09
149.222,50.19
149.241,52.09
149.247,50.19
149.266,51.51
149.272,48.82
149.291,50.05
149.297,47.79
149.316,49.17
149.322,46.41
149.341,47.7
149.347,45.38
149.366,47.12
149.372,45.38
149.391,47.41
149.397,46.07
149.416,48.29
149.422,46.41
149.441,48.29
149.447,45.72
149.466,46.53
149.472,43.32
149.491,39.8
149.497,38.16
149.511,43.61
149.518,43.32
149.536,47.12
149.543,44.69
149.561,46.83
149.568,45.04
149.586,45.95
149.593,44.35
149.611,45.36
149.618,43.32
149.636,44.19
149.643,42.63
149.661,43.9
149.668,41.94
149.686,43.9
149.693,42.29
149.711,44.19
149.718,42.63
149.736,45.66
149.743,44.01
149.761,45.95
149.768,43.66
149.786,45.95
149.793,44.35
149.811,45.66
149.818,42.63
149.836,44.78
149.843,42.29
149.861,44.48
149.868,42.63
149.886,45.95
149.893,44.35
149.911,46.24
149.918,43.66
149.936,45.36
149.943,43.32
149.961,45.66
149.968,43.32
149.986,46.53
149.993,44.69
150.011,47.41
150.018,45.72
150.036,48.29
150.043,46.07
150.061,49.17
150.068,47.44
150.086,49.75
150.093,48.48
150.111,50.63
150.118,48.82
150.136,50.92
150.143,48.48
150.161,50.34
150.168,48.13
150.186,49.46
150.193,47.1
150.211,49.17
150.218,46.41
150.236,48.29
150.243,45.38
150.261,46.53
150.268,44.35
150.286,45.36
150.293,42.97
150.311,44.48
150.318,42.29
150.336,44.48
150.343,42.29
150.361,44.19
150.368,41.94
150.386,44.19
150.393,41.94
150.411,43.9
150.418,41.6
150.436,43.9
150.443,41.94
150.461,43.61
150.468,40.91
150.486,43.02
150.493,40.91
150.511,42.44
150.518,40.57
150.536,42.44
150.543,40.91
150.561,43.02
150.568,41.26
150.586,43.9
150.593,41.26
150.611,44.48
150.618,42.63
150.636,45.36
150.643,43.66
150.661,46.53
150.668,45.38
150.686,47.7
150.693,46.07
150.711,48.0
150.718,46.41
150.736,47.12
150.743,46.07
150.761,47.41
150.768,45.04
150.786,45.95
150.793,43.32
150.811,44.78
150.818,42.97
150.836,45.36
150.843,43.32
150.861,45.95
150.868,44.35
150.886,46.24
150.893,44.35
150.911,47.12
150.918,45.38
150.936,47.7
150.943,46.41
150.961,48.0
150.968,45.72
150.986,47.12
150.993,42.29
151.008,42.97
151.011,44.78
151.022,48.0
151.033,46.07
151.047,47.41
151.058,45.72
151.072,46.83
151.083,44.35
151.097,45.66
151.108,43.66
151.122,45.36
151.133,42.63
151.147,44.78
151.158,42.97
151.172,45.36
151.183,43.32
151.197,45.07
151.208,43.32
151.222,45.07
151.233,43.32
151.247,44.19
151.258,41.94
151.272,43.02
151.283,40.91
151.297,42.44
151.308,40.22
151.322,42.14
151.333,40.22
151.347,41.85
151.358,39.54
151.372,41.56
151.383,40.22
151.397,39.8
151.408,40.57
151.422,43.02
151.433,41.26
151.447,44.19
151.458,42.97
151.472,46.24
151.483,45.38
151.497,48.29
151.508,47.44
151.522,50.34
151.533,48.48
151.547,50.92
151.558,48.82
151.572,50.92
151.583,48.82
151.597,50.92
151.608,48.48
151.622,50.05
151.633,47.44
151.647,49.17
151.658,47.44
151.672,49.46
151.683,47.44
151.697,49.75
151.708,47.44
151.722,49.17
151.733,46.76
151.747,48.87
151.758,46.76
151.772,49.75
151.783,48.48
151.797,50.92
151.808,48.48
151.822,50.34
151.833,49.16
151.847,51.51
151.858,49.51
151.872,52.39
151.883,50.54
151.897,52.97
151.908,51.23
151.922,53.26
151.933,50.88
151.947,52.97
151.958,51.57
151.972,54.44
151.983,52.6
151.997,55.31
152.008,52.94
152.022,55.31
152.033,52.94
152.047,55.31
152.058,51.91
152.072,53.56
152.083,50.54
152.097,50.92
152.108,48.48
152.122,49.17
152.133,46.07
152.147,47.41
152.158,44.35
152.172,45.66
152.183,42.29
152.197,43.02
152.208,40.57
152.222,41.85
152.233,38.51
152.247,40.39
152.258,37.82
152.272,38.92
152.283,36.44
152.297,38.05
152.308,36.1
152.322,37.75
152.333,35.07
152.347,36.29
152.358,34.38
152.372,36.58
152.383,34.38
152.397,37.17
152.408,35.07
152.422,37.46
152.433,34.38
152.447,37.17
152.458,35.07
152.472,36.29
152.483,33.0
152.497,34.24
152.503,33.0
152.515,37.46
152.528,37.13
152.54,39.22
152.553,37.82
152.565,40.39
152.578,39.54
152.59,42.14
152.603,42.29
152.615,44.78
152.628,44.35
152.64,46.83
152.653,45.72
152.665,48.29
152.678,46.07
152.69,48.0
152.703,45.72
152.715,47.7
152.728,45.04
152.74,47.12
152.753,44.01
152.765,45.95
152.778,42.63
152.79,45.07
152.803,42.29
152.815,45.07
152.828,43.32
152.84,45.95
152.853,44.35
152.865,46.83
152.878,45.04
152.89,47.41
152.903,45.72
152.915,48.58
152.928,47.1
152.94,50.34
152.953,47.79
152.965,50.63
152.978,47.79
152.99,50.05
153.0,16.5
153.003,47.44
153.015,50.05
153.025,32.32
153.028,47.44
153.04,50.05
153.05,37.13
153.053,48.13
153.065,50.63
153.075,38.92
153.078,48.82
153.09,51.22
153.1,39.19
153.103,49.16
153.115,51.8
153.125,40.39
153.128,49.51
153.14,51.51
153.15,40.22
153.153,48.13
153.165,50.05
153.175,40.68
153.178,47.1
153.19,48.87
153.2,40.57
153.203,45.38
153.215,47.41
153.225,40.57
153.228,44.35
153.24,46.24
153.25,42.44
153.253,43.32
153.265,45.66
153.275,43.02
153.278,41.6
153.29,43.61
153.3,42.97
153.303,39.54
153.315,41.27
153.325,42.63
153.328,37.82
153.34,39.22
153.35,43.31
153.353,36.1
153.365,37.75
153.375,43.9
153.378,35.07
153.39,37.17
153.4,43.9
153.403,34.38
153.415,36.88
153.425,42.73
153.428,35.07
153.44,36.88
153.45,41.85
153.453,35.07
153.465,37.46
153.475,40.91
153.478,35.41
153.49,38.34
153.5,41.27
153.503,37.13
153.515,40.09
153.525,40.22
153.528,39.19
153.54,41.85
153.55,39.88
153.553,40.22
153.565,43.02
153.575,41.27
153.578,41.26
153.59,43.61
153.6,42.73
153.603,41.6
153.615,44.19
153.625,43.9
153.628,42.29
153.64,44.19
153.65,43.66
153.653,42.63
153.665,44.48
153.675,43.66
153.678,41.26
153.69,43.02
153.7,43.9
153.703,36.79
153.715,38.63
153.725,42.44
153.728,37.47
153.737,41.56
153.75,42.97
153.753,40.91
153.762,43.02
153.775,41.6
153.778,41.94
153.787,43.9
153.8,41.85
153.803,42.63
153.812,45.07
153.825,41.26
153.828,43.32
153.837,45.95
153.85,42.29
153.853,45.04
153.862,47.41
153.875,41.26
153.878,44.35
153.887,46.24
153.9,41.6
153.903,42.97
153.912,45.07
153.925,42.29
153.928,42.97
153.937,44.48
153.95,43.02
153.953,41.94
153.962,44.19
153.975,43.32
153.978,41.6
153.987,43.9
154.0,44.69
154.003,41.94
154.012,43.9
154.025,45.38
154.028,41.6
154.037,43.9
154.05,46.83
154.053,41.6
154.062,43.61
154.075,47.7
154.078,41.26
154.087,43.02
154.1,47.79
154.103,40.22
154.112,42.73
154.125,48.58
154.128,39.54
154.137,41.56
154.15,48.29
154.153,39.88
154.162,42.73
154.175,49.17
154.178,41.26
154.187,43.61
154.2,50.63
154.203,40.57
154.212,43.02
154.225,50.05
154.228,40.22
154.237,41.85
154.25,51.22
154.253,39.19
154.262,41.27
154.275,51.23
154.278,39.19
154.287,40.97
154.3,50.88
154.303,38.16
154.312,39.51
154.325,51.22
154.328,35.41
154.337,36.29
154.35,51.57
154.353,25.44
154.362,23.12
154.375,46.53
154.4,51.22
154.425,50.19
154.45,47.44
154.475,44.48
154.5,32.66
154.519,38.63
154.52,37.47
154.544,41.56
154.545,41.26
154.569,43.31
154.57,43.32
154.594,44.19
154.595,44.35
154.619,44.48
154.62,44.69
154.644,44.48
154.645,44.01
154.669,44.19
154.67,44.01
154.694,45.95
154.695,45.04
154.719,46.24
154.72,45.72
154.744,48.29
154.745,47.44
154.769,47.12
154.77,46.41
154.794,46.83
154.795,46.41
154.819,48.0
154.82,47.1
154.844,47.41
154.845,47.1
154.869,48.87
154.87,48.48
154.894,50.63
154.895,49.51
154.919,46.53
154.92,45.04
154.944,42.14
154.945,41.26
154.969,40.39
154.97,38.85
154.994,40.09
154.995,38.85
155.019,41.85
155.02,40.57
155.044,43.02
155.045,41.94
155.069,44.19
155.07,43.32
155.094,44.78
155.095,44.01
155.119,45.66
155.12,44.69
155.144,45.36
155.145,44.35
155.169,45.36
155.17,44.01
155.194,43.9
155.195,42.97
155.219,43.61
155.22,42.97
155.244,43.02
155.245,42.29
155.269,43.31
155.27,42.29
155.294,43.61
155.295,42.29
155.319,43.9
155.32,42.63
155.344,44.48
155.345,43.66
155.369,46.24
155.37,45.38
155.394,45.95
155.395,44.35
155.419,45.36
155.42,43.66
155.444,44.78
155.445,43.32
155.469,43.9
155.47,43.32
155.494,43.9
155.495,42.97
155.519,44.19
155.52,43.66
155.544,44.78
155.545,44.01
155.569,45.07
155.57,44.01
155.594,44.48
155.595,43.66
155.619,44.78
155.62,44.01
155.644,44.78
155.645,43.66
155.669,44.78
155.67,44.01
155.694,45.07
155.695,44.01
155.719,45.07
155.72,43.66
155.744,44.48
155.745,43.32
155.769,43.61
155.77,43.32
155.794,43.61
155.795,42.29
155.819,43.02
155.82,41.6
155.844,42.14
155.845,37.13
155.869,41.27
155.87,40.22
155.894,40.68
155.895,39.88
155.919,40.97
155.92,40.22
155.944,40.97
155.945,40.22
155.969,40.97
155.97,40.22
155.994,37.75
155.995,35.07
156.007,36.88
156.01,36.1
156.032,40.39
156.035,39.54
156.057,41.27
156.06,40.22
156.082,41.27
156.085,41.26
156.107,42.14
156.11,41.94
156.132,43.31
156.135,42.29
156.157,42.73
156.16,41.94
156.182,42.14
156.185,41.94
156.207,42.14
156.21,41.6
156.232,42.44
156.235,42.29
156.257,42.73
156.26,41.26
156.282,43.02
156.285,41.94
156.307,43.61
156.31,42.63
156.332,43.9
156.335,42.63
156.357,43.02
156.36,42.29
156.382,42.73
156.385,41.94
156.407,43.9
156.41,42.63
156.432,43.31
156.435,42.29
156.457,43.9
156.46,42.97
156.482,43.61
156.485,42.63
156.507,43.02
156.51,42.63
156.532,43.02
156.535,42.63
156.557,43.9
156.56,42.29
156.582,43.9
156.585,42.97
156.607,44.48
156.61,43.66
156.632,44.78
156.635,43.32
156.657,43.9
156.66,42.63
156.682,44.19
156.685,43.32
156.707,43.9
156.71,42.63
156.732,42.14
156.735,41.26
156.757,43.02
156.76,41.94
156.782,44.48
156.785,43.32
156.807,44.78
156.81,43.66
156.832,44.48
156.835,44.35
156.857,43.9
156.86,43.32
156.882,43.61
156.885,42.63
156.907,42.73
156.91,41.26
156.932,41.27
156.935,39.19
156.957,38.92
156.96,37.47
156.982,36.88
156.985,35.75
157.007,36.0
157.01,35.07
157.032,36.88
157.035,36.1
157.057,36.88
157.06,36.1
157.082,37.75
157.085,36.44
157.107,37.75
157.11,36.79
157.132,38.05
157.135,36.79
157.157,37.75
157.16,36.44
157.182,37.17
157.185,36.1
157.207,38.34
157.21,38.16
157.232,40.09
157.235,39.54
157.257,41.27
157.26,40.22
157.282,43.02
157.285,41.94
157.307,43.9
157.31,42.63
157.332,43.9
157.335,42.29
157.357,44.48
157.36,43.66
157.382,45.66
157.385,45.04
157.407,46.24
157.41,45.38
157.432,45.66
157.435,44.35
157.457,45.66
157.46,45.38
157.482,45.36
157.485,42.97
157.507,37.46
157.51,34.04
157.527,40.09
157.532,40.91
157.552,46.53
157.557,45.38
157.577,46.83
157.582,46.07
157.602,46.53
157.607,46.07
157.627,46.53
157.632,46.07
157.652,45.95
157.657,44.35
157.677,40.97
157.682,42.29
157.702,45.07
157.707,44.35
157.727,47.12
157.732,46.76
157.752,48.0
157.757,47.44
157.777,48.0
157.782,46.76
157.802,47.41
157.807,46.41
157.827,46.24
157.832,45.38
157.852,44.78
157.857,43.32
157.877,43.31
157.882,41.94
157.902,41.27
157.907,39.54
157.927,40.68
157.932,39.88
157.952,40.97
157.957,40.57
157.977,43.02
157.982,42.63
158.002,45.66
158.007,45.38
158.027,48.29
158.032,47.44
158.052,49.17
158.057,48.13
158.077,48.58
158.082,47.44
158.102,47.41
158.107,46.76
158.127,47.7
158.132,47.1
158.152,48.29
158.157,47.44
158.177,48.58
158.182,47.44
158.202,50.63
158.207,50.19
158.227,50.63
158.232,48.13
158.252,44.19
158.257,41.94
158.277,43.02
158.282,41.6
158.302,39.8
158.307,36.1
158.327,35.41
158.332,35.41
158.352,41.27
158.357,40.57
158.377,42.14
158.382,39.19
158.402,34.24
158.407,31.63
158.427,29.85
158.432,28.88
158.452,34.24
158.457,35.41
158.477,42.73
158.482,44.01
158.502,48.0
158.507,47.79
158.527,50.05
158.532,49.16
158.552,49.75
158.557,48.48
158.577,48.29
158.582,46.76
158.602,47.41
158.607,46.41
158.627,48.0
158.632,47.44
158.652,49.17
158.657,49.51
158.677,50.63
158.682,49.85
158.702,50.92
158.707,49.85
158.727,50.92
158.732,49.51
158.752,50.92
158.757,49.51
158.777,50.92
158.782,49.85
158.802,50.92
158.807,50.19
158.827,51.22
158.832,50.54
158.852,51.8
158.857,50.54
158.877,51.51
158.882,50.54
158.902,51.51
158.907,49.85
158.927,50.63
158.932,49.51
158.952,49.17
158.957,47.79
158.977,48.29
158.982,46.76
159.002,45.36
159.007,43.32
159.027,40.39
159.032,39.54
159.057,43.9
159.063,44.35
159.082,47.7
159.088,46.76
159.107,48.29
159.113,47.1
159.132,47.12
159.138,46.41
159.157,47.7
159.163,47.44
159.182,48.58
159.188,47.79
159.207,48.87
159.213,47.79
159.232,48.29
159.238,46.76
159.257,47.41
159.263,45.38
159.282,45.66
159.288,44.35
159.307,44.19
159.313,42.97
159.332,44.19
159.338,43.32
159.357,44.48
159.363,42.97
159.382,43.61
159.388,42.29
159.407,43.02
159.413,41.94
159.432,43.31
159.438,42.29
159.457,43.31
159.463,42.29
159.482,43.31
159.488,42.29
159.507,43.61
159.513,42.97
159.532,43.61
159.538,42.97
159.557,44.19
159.563,43.66
159.582,45.66
159.588,44.35
159.607,45.66
159.613,44.69
159.632,45.95
159.638,45.04
159.657,46.53
159.663,46.07
159.682,47.7
159.688,46.41
159.707,48.0
159.713,47.1
159.732,48.29
159.738,47.44
159.757,49.17
159.763,47.79
159.782,48.58
159.788,47.44
159.807,47.7
159.813,46.76
159.832,47.41
159.838,46.41
159.857,45.95
159.863,45.04
159.882,44.78
159.888,43.32
159.907,45.66
159.913,44.69
159.932,46.53
159.938,45.04
159.957,46.53
159.963,45.38
159.982,46.53
159.988,45.38
160.007,45.95
160.013,45.38
160.032,45.66
160.038,45.04
160.057,45.07
160.063,44.35
160.082,45.66
160.088,44.35
160.107,45.95
160.113,45.38
160.132,47.12
160.138,46.41
160.157,47.12
160.163,46.41
160.182,47.41
160.188,46.41
160.207,48.0
160.213,46.76
160.232,49.17
160.238,47.79
160.257,50.34
160.263,48.82
160.282,50.05
160.288,47.79
160.307,48.58
160.313,47.1
160.332,48.29
160.338,47.79
160.357,49.17
160.363,48.13
160.382,49.46
160.388,48.82
160.407,51.51
160.413,50.54
160.432,52.68
160.438,51.57
160.457,52.97
160.463,51.57
160.482,52.68
160.488,51.57
160.507,53.26
160.513,51.57
160.532,49.75
160.538,46.41
160.557,43.02
160.562,43.66
160.58,52.09
160.587,52.6
160.605,56.19
160.612,55.69
160.63,57.65
160.637,56.73
160.655,57.36
160.662,56.38
160.68,56.19
160.687,54.66
160.705,54.44
160.712,53.29
160.73,52.68
160.737,51.57
160.755,51.51
160.762,50.19
160.78,50.05
160.787,48.48
160.805,48.0
160.812,46.41
160.83,46.24
160.837,43.66
160.855,43.9
160.862,42.29
160.88,42.73
160.887,41.26
160.905,42.14
160.912,40.91
160.93,43.02
160.937,41.6
160.955,44.19
160.962,43.32
160.98,45.95
160.987,45.04
161.005,46.53
161.012,45.04
161.03,44.78
161.037,43.32
161.055,44.48
161.062,42.29
161.08,44.78
161.087,44.01
161.105,46.53
161.112,45.72
161.13,48.58
161.137,48.48
161.155,51.8
161.162,50.88
161.18,53.56
161.187,52.6
161.205,55.31
161.212,53.98
161.23,55.02
161.237,54.32
161.255,56.78
161.262,55.01
161.28,55.9
161.287,53.63
161.305,54.73
161.312,53.29
161.33,53.56
161.337,51.57
161.355,51.51
161.362,49.85
161.38,49.75
161.387,47.44
161.405,47.7
161.412,46.07
161.43,47.41
161.437,45.72
161.455,47.7
161.462,47.44
161.48,50.63
161.487,50.19
161.505,52.97
161.512,52.26
161.53,54.44
161.537,53.29
161.555,54.14
161.562,52.6
161.58,52.68
161.587,52.26
161.605,55.31
161.612,55.69
161.63,58.83
161.637,58.79
161.655,60.87
161.662,60.16
161.68,59.41
161.687,57.76
161.705,56.19
161.712,53.63
161.73,52.39
161.737,49.51
161.755,48.29
161.762,45.38
161.78,45.07
161.787,43.32
161.805,44.48
161.812,42.29
161.83,44.78
161.837,44.01
161.855,46.53
161.862,45.38
161.88,47.12
161.887,45.38
161.905,45.66
161.912,43.66
161.93,45.07
161.937,44.69
161.955,47.7
161.962,46.76
161.98,49.46
161.987,49.51
162.005,53.26
162.012,52.6
162.03,54.44
162.037,51.91
162.055,49.17
162.062,44.69
162.074,48.0
162.083,48.48
162.099,52.09
162.108,49.85
162.124,52.39
162.133,51.57
162.149,53.56
162.158,52.94
162.174,55.02
162.183,54.32
162.199,55.31
162.208,53.98
162.224,53.56
162.233,51.91
162.249,51.22
162.258,49.51
162.274,50.05
162.283,48.48
162.299,49.46
162.308,48.48
162.324,50.05
162.333,48.48
162.349,50.92
162.358,49.85
162.374,51.8
162.383,50.19
162.399,52.68
162.408,51.23
162.424,52.68
162.433,50.88
162.449,52.68
162.458,51.57
162.474,51.51
162.483,49.51
162.499,48.58
162.5,18.56
162.508,46.07
162.524,46.24
162.525,35.41
162.533,45.04
162.549,45.66
162.55,41.27
162.558,44.35
162.574,46.53
162.575,42.73
162.583,45.38
162.599,47.41
162.6,42.29
162.608,47.44
162.624,49.46
162.625,44.78
162.633,48.82
162.649,49.75
162.65,44.35
162.658,48.13
162.674,46.24
162.675,44.35
162.683,44.01
162.699,41.56
162.7,43.32
162.708,37.82
162.724,31.61
162.725,42.97
162.733,23.03
162.749,11.71
162.75,44.35
162.775,45.04
162.8,47.41
162.825,48.29
162.85,49.17
162.875,48.87
162.9,48.0
162.925,47.41
162.95,46.83
162.975,47.12
163.0,47.41
163.025,47.41
163.05,48.29
163.075,48.29
163.1,48.58
163.125,48.29
163.15,48.29
163.175,47.7
163.2,46.41
163.225,46.83
163.25,46.53
163.275,47.1
163.3,48.13
163.325,49.46
163.35,48.48
163.375,48.48
163.4,47.79
163.425,46.41
163.45,47.41
163.475,45.72
163.5,46.83
163.525,47.1
163.55,48.29
163.575,47.79
163.6,48.48
163.625,48.48
163.65,49.46
163.675,46.41
163.7,45.07
163.725,42.44
163.75,39.54
163.775,40.22
163.8,41.26
163.825,42.63
163.85,44.48
163.875,43.32
163.9,42.29
163.925,41.56
163.95,38.05
163.975,31.61
163.988,28.39
163.991,31.97
164.013,36.58
164.016,36.79
164.038,38.05
164.041,37.47
164.063,38.34
164.066,37.47
164.088,40.97
164.091,40.57
164.113,42.14
164.116,41.6
164.138,41.85
164.141,40.57
164.163,40.68
164.166,39.54
164.188,40.09
164.191,39.88
164.213,40.97
164.216,39.54
164.238,40.39
164.241,39.19
164.263,40.97
164.266,40.22
164.288,42.73
164.291,41.94
164.313,43.02
164.316,42.29
164.338,43.9
164.341,42.97
164.363,43.9
164.366,42.29
164.388,42.73
164.391,41.26
164.413,41.27
164.416,40.22
164.438,40.97
164.441,39.88
164.463,40.09
164.466,38.16
164.488,39.51
164.491,37.82
164.513,38.63
164.516,37.47
164.538,38.63
164.541,37.47
164.563,39.51
164.566,38.16
164.588,40.39
164.591,40.22
164.613,42.73
164.616,42.29
164.638,44.19
164.641,43.66
164.663,45.07
164.666,44.35
164.688,45.07
164.691,43.66
164.713,43.9
164.716,42.63
164.738,42.73
164.741,41.6
164.763,42.14
164.766,41.26
164.788,42.73
164.791,42.29
164.813,44.78
164.816,44.35
164.838,46.24
164.841,45.72
164.863,47.41
164.866,46.41
164.888,47.12
164.891,45.72
164.913,46.53
164.916,45.38
164.938,46.24
164.941,45.38
164.963,46.24
164.966,45.38
164.988,46.53
164.991,45.04
165.013,46.24
165.016,44.69
165.038,45.66
165.041,43.32
165.063,43.61
165.066,41.94
165.088,41.85
165.091,40.57
165.113,42.14
165.116,41.94
165.138,43.02
165.141,42.29
165.163,44.19
165.166,43.32
165.188,44.48
165.191,43.32
165.213,43.31
165.216,41.6
165.238,42.14
165.241,40.22
165.263,41.27
165.266,39.54
165.288,40.68
165.291,39.19
165.313,39.8
165.316,37.82
165.338,37.75
165.341,36.44
165.363,37.17
165.366,35.75
165.388,36.88
165.391,35.41
165.413,36.88
165.416,36.1
165.438,36.88
165.441,35.75
165.463,36.0
165.466,31.29
165.483,33.95
165.492,33.69
165.508,38.05
165.517,37.13
165.533,39.51
165.542,39.19
165.558,40.68
165.567,39.54
165.583,40.97
165.592,40.57
165.608,41.56
165.617,41.26
165.633,41.85
165.642,42.29
165.658,43.9
165.667,44.35
165.683,46.83
165.692,46.76
165.708,47.41
165.717,45.04
165.733,42.73
165.742,38.51
165.758,36.0
165.767,33.69
165.783,33.95
165.792,33.69
165.808,36.29
165.817,39.19
165.833,43.61
165.842,44.35
165.858,46.53
165.867,46.07
165.883,47.41
165.892,46.07
165.908,47.41
165.917,45.38
165.933,45.66
165.942,43.66
165.958,43.9
165.967,42.29
165.983,42.44
165.992,40.91
166.008,41.56
166.017,40.22
166.033,40.97
166.042,40.22
166.058,41.27
166.067,40.57
166.083,43.02
166.092,43.32
166.108,45.36
166.117,44.69
166.133,47.41
166.142,46.41
166.158,47.7
166.167,46.41
166.183,47.7
166.192,46.76
166.208,48.29
166.217,47.44
166.233,50.05
166.242,49.16
166.258,50.92
166.267,50.19
166.283,51.8
166.292,49.85
166.308,51.22
166.317,50.54
166.333,50.92
166.342,50.19
166.358,50.92
166.367,50.54
166.383,51.8
166.392,49.85
166.408,50.92
166.417,49.51
166.433,50.05
166.442,48.13
166.458,48.58
166.467,46.76
166.483,47.7
166.492,46.41
166.508,46.53
166.517,45.38
166.533,45.95
166.542,45.04
166.558,44.78
166.567,42.29
166.583,43.31
166.592,42.29
166.608,44.48
166.617,44.35
166.633,46.53
166.642,45.38
166.658,46.53
166.667,45.38
166.683,45.95
166.692,44.69
166.708,44.78
166.717,42.97
166.733,42.44
166.742,41.26
166.758,41.85
166.767,40.22
166.783,41.27
166.792,40.22
166.808,41.27
166.817,41.26
166.833,42.44
166.842,43.32
166.858,45.36
166.867,45.04
166.883,46.83
166.892,46.41
166.908,46.83
166.917,45.72
166.933,43.9
166.942,40.91
166.958,33.95
166.982,36.29
166.994,40.91
167.007,43.02
167.019,43.32
167.032,43.9
167.044,42.97
167.057,43.02
167.069,41.26
167.082,40.97
167.094,39.88
167.107,40.97
167.119,42.29
167.132,43.9
167.144,44.35
167.157,45.95
167.169,46.41
167.182,47.7
167.194,46.76
167.207,46.83
167.219,45.72
167.232,45.95
167.244,44.69
167.257,45.36
167.269,44.01
167.282,43.9
167.294,41.6
167.307,42.14
167.319,40.22
167.332,41.56
167.344,39.88
167.357,40.68
167.369,39.19
167.382,40.39
167.394,39.88
167.407,41.27
167.419,40.22
167.432,42.14
167.444,41.26
167.457,43.02
167.469,42.97
167.482,44.48
167.494,44.35
167.507,46.24
167.519,45.04
167.532,45.95
167.544,44.35
167.557,45.36
167.569,44.01
167.582,44.78
167.594,44.35
167.607,46.53
167.619,46.41
167.632,49.17
167.644,49.16
167.657,51.22
167.669,51.23
167.682,51.8
167.694,51.57
167.707,53.26
167.719,52.94
167.732,54.44
167.744,54.32
167.757,55.31
167.769,53.63
167.782,55.02
167.794,53.63
167.807,54.14
167.819,52.26
167.832,52.68
167.844,50.54
167.857,51.51
167.869,49.51
167.882,50.63
167.894,48.48
167.907,49.17
167.919,47.79
167.932,48.87
167.944,47.1
167.957,48.29
167.969,46.41
167.982,47.41
167.994,46.41
168.007,47.12
168.019,46.07
168.032,46.83
168.044,45.38
168.057,47.41
168.069,46.07
168.082,46.83
168.094,46.76
168.107,47.7
168.119,47.1
168.132,48.29
168.144,47.79
168.157,49.46
168.169,49.51
168.182,51.22
168.194,51.57
168.207,52.68
168.219,51.57
168.232,52.09
168.244,50.54
168.257,50.92
168.269,49.51
168.282,50.05
168.294,48.48
168.307,49.17
168.319,48.48
168.332,49.17
168.344,48.82
168.357,50.05
168.369,49.51
168.382,50.05
168.394,49.51
168.407,50.34
168.419,49.85
168.432,50.63
168.444,47.44
168.457,47.41
168.469,42.29
168.473,44.78
168.487,44.69
168.498,47.12
168.512,46.41
168.523,46.53
168.537,44.69
168.548,45.66
168.562,44.35
168.573,44.78
168.587,43.32
168.598,43.9
168.612,42.97
168.623,43.9
168.637,43.66
168.648,44.78
168.662,44.35
168.673,45.66
168.687,46.41
168.698,47.7
168.712,47.44
168.723,49.17
168.737,48.48
168.748,50.05
168.762,49.51
168.773,50.92
168.787,49.51
168.798,50.92
168.812,49.51
168.823,50.05
168.837,49.51
168.848,50.92
168.862,50.54
168.873,51.8
168.887,50.19
168.898,50.34
168.912,49.51
168.923,50.05
168.937,48.48
168.948,49.46
168.962,47.79
168.973,48.87
168.987,47.44
168.998,48.58
169.012,46.76
169.023,47.41
169.037,46.07
169.048,46.53
169.062,45.38
169.073,46.53
169.087,45.04
169.098,46.24
169.112,44.35
169.123,45.66
169.137,46.07
169.148,49.17
169.162,49.51
169.173,51.22
169.187,51.57
169.198,52.97
169.212,53.29
169.223,55.61
169.237,55.01
169.248,57.07
169.262,56.04
169.273,57.36
169.287,56.73
169.298,58.53
169.312,56.38
169.323,57.07
169.337,53.63
169.348,54.44
169.362,51.57
169.373,51.51
169.387,48.48
169.398,48.87
169.412,46.41
169.423,46.83
169.437,44.35
169.448,45.07
169.462,43.66
169.473,44.19
169.487,43.32
169.498,44.78
169.512,43.32
169.523,44.78
169.537,43.66
169.548,44.78
169.562,44.35
169.573,45.36
169.587,44.69
169.598,46.83
169.612,47.44
169.623,49.17
169.637,47.1
169.648,48.0
169.662,45.04
169.673,44.48
169.687,42.29
169.698,43.02
169.712,41.6
169.723,42.44
169.737,40.22
169.748,41.27
169.762,39.19
169.773,40.09
169.787,39.54
169.798,41.27
169.812,40.22
169.823,41.56
169.837,40.57
169.848,41.27
169.862,40.57
169.873,41.27
169.887,39.54
169.898,40.09
169.912,37.82
169.923,36.88
169.937,32.32
169.948,30.73
169.962,27.16
169.967,31.31
169.983,34.04
169.992,37.46
170.008,37.13
170.017,37.75
170.033,36.44
170.042,36.58
170.058,34.04
170.067,33.66
170.083,33.69
170.092,36.0
170.108,36.1
170.117,36.88
170.133,36.1
170.142,38.34
170.158,38.51
170.167,40.39
170.183,40.91
170.192,42.44
170.208,42.97
170.217,44.19
170.233,44.35
170.242,45.95
170.258,45.04
170.267,45.66
170.283,44.01
170.292,44.78
170.308,45.38
170.317,46.83
170.333,47.1
170.342,48.87
170.358,47.79
170.367,48.58
170.383,46.76
170.392,48.0
170.408,46.41
170.417,47.41
170.433,45.04
170.442,45.66
170.458,43.66
170.467,44.48
170.483,43.32
170.492,44.48
170.508,42.29
170.517,43.9
170.533,42.29
170.542,43.02
170.558,41.6
170.567,43.02
170.583,41.26
170.592,39.8
170.608,40.91
170.617,41.85
170.633,41.26
170.642,42.73
170.658,41.6
170.667,43.31
170.683,42.29
170.692,43.02
170.708,41.94
170.717,43.02
170.733,41.6
170.742,42.44
170.758,40.57
170.767,40.68
170.783,38.85
170.792,38.92
170.808,37.13
170.817,37.75
170.833,35.75
170.842,36.0
170.858,33.0
170.867,32.19
170.883,29.91
170.892,31.31
170.908,31.97
170.917,33.66
170.933,34.38
170.942,36.88
170.958,38.85
170.967,41.56
170.983,42.29
170.992,44.78
171.008,44.69
171.017,46.53
171.033,46.41
171.042,48.29
171.058,47.44
171.067,48.58
171.083,47.79
171.092,48.87
171.108,47.1
171.117,48.29
171.133,47.1
171.142,48.29
171.158,47.44
171.167,48.0
171.183,46.41
171.192,47.41
171.208,45.72
171.217,46.24
171.233,44.35
171.242,44.78
171.258,42.29
171.267,43.02
171.283,40.91
171.292,41.27
171.308,38.85
171.317,40.09
171.333,38.51
171.342,39.51
171.358,38.51
171.367,39.8
171.383,39.54
171.392,40.97
171.408,40.22
171.417,41.27
171.433,40.22
171.442,40.97
171.458,37.47
171.467,36.0
171.473,36.1
171.482,39.22
171.498,41.6
171.507,43.02
171.523,42.97
171.532,44.48
171.548,43.32
171.557,44.78
171.573,43.32
171.582,44.19
171.598,43.32
171.607,44.78
171.623,44.35
171.632,45.36
171.648,45.38
171.657,46.24
171.673,45.38
171.682,47.12
171.698,46.41
171.707,47.12
171.723,46.41
171.732,47.41
171.748,47.1
171.757,48.29
171.773,47.44
171.782,48.58
171.798,47.44
171.807,49.17
171.823,48.13
171.832,49.17
171.848,49.16
171.857,50.34
171.873,49.51
171.882,50.34
171.898,49.16
171.907,50.34
171.923,49.51
171.932,50.92
171.948,50.19
171.957,51.51
171.973,50.54
171.982,51.8
171.998,51.57
172.0,25.46
172.007,52.68
172.023,52.26
172.025,42.29
172.032,53.56
172.048,52.6
172.05,40.91
172.057,52.97
172.073,51.57
172.075,39.51
172.082,50.92
172.098,49.16
172.1,39.22
172.107,49.46
172.123,48.48
172.125,40.91
172.132,49.46
172.148,48.13
172.15,43.32
172.157,49.46
172.173,47.1
172.175,45.07
172.182,46.83
172.198,43.32
172.2,45.38
172.207,39.8
172.223,26.47
172.225,45.38
172.232,17.85
172.25,45.38
172.275,45.36
172.3,43.9
172.325,43.31
172.35,41.26
172.375,39.88
172.4,37.47
172.425,37.46
172.45,37.82
172.475,38.85
172.5,40.39
172.525,40.22
172.55,41.27
172.575,40.68
172.6,39.19
172.625,38.63
172.65,38.63
172.675,39.22
172.7,41.27
172.725,43.31
172.75,45.36
172.775,45.38
172.8,47.12
172.825,45.72
172.85,45.66
172.875,45.04
172.9,43.32
172.925,42.29
172.95,44.35
172.975,46.07
173.0,45.07
173.025,43.02
173.05,42.63
173.075,44.48
173.1,45.38
173.125,45.66
173.15,45.95
173.175,46.24
173.2,47.41
173.225,48.29
173.25,49.17
173.275,48.29
173.3,45.04
173.325,43.32
173.35,44.35
173.375,45.04
173.4,46.41
173.425,47.44
173.45,47.12
173.475,43.02
173.501,36.29
173.502,35.07
173.526,41.56
173.527,40.57
173.551,42.73
173.552,41.94
173.576,42.73
173.577,41.94
173.601,42.14
173.602,41.26
173.626,39.8
173.627,39.19
173.651,39.51
173.652,38.85
173.676,40.68
173.677,40.22
173.701,41.85
173.702,41.26
173.726,41.85
173.727,41.26
173.751,42.44
173.752,41.6
173.776,42.44
173.777,41.94
173.801,42.14
173.802,40.91
173.826,40.68
173.827,39.19
173.851,38.34
173.852,37.47
173.876,36.0
173.877,35.07
173.901,34.83
173.902,34.04
173.926,35.41
173.927,35.41
173.951,36.88
173.952,36.44
173.976,37.75
173.977,37.13
174.001,39.22
174.002,38.51
174.026,40.97
174.027,40.22
174.051,44.78
174.052,44.35
174.076,49.17
174.077,49.16
174.101,51.51
174.102,50.54
174.126,52.09
174.127,51.57
174.151,50.92
174.152,49.51
174.176,50.05
174.177,49.16
174.201,46.53
174.202,45.72
174.226,43.61
174.227,42.63
174.251,41.27
174.252,40.22
174.276,38.05
174.277,37.13
174.301,36.0
174.302,35.07
174.326,36.0
174.327,35.07
174.351,36.88
174.352,36.1
174.376,37.75
174.377,36.44
174.401,38.34
174.402,37.47
174.426,39.8
174.427,39.19
174.451,41.85
174.452,40.91
174.476,42.73
174.477,41.26
174.501,40.97
174.502,39.54
174.526,38.05
174.527,37.47
174.551,35.7
174.552,35.07
174.576,34.83
174.577,33.69
174.601,34.24
174.602,33.69
174.626,34.24
174.627,33.69
174.651,34.24
174.652,33.69
174.676,35.41
174.677,35.07
174.701,37.17
174.702,36.44
174.726,39.51
174.727,38.16
174.751,38.92
174.752,38.16
174.776,38.63
174.777,37.82
174.801,38.92
174.802,38.16
174.826,39.8
174.827,39.19
174.851,42.14
174.852,41.6
174.876,43.61
174.877,42.97
174.901,44.19
174.902,42.97
174.926,43.61
174.927,42.63
174.951,42.14
174.952,41.26
174.976,38.05
174.977,36.1
175.001,31.31
175.023,36.0
175.024,35.07
175.048,36.88
175.049,36.44
175.073,36.88
175.074,35.41
175.098,36.88
175.099,36.1
175.123,36.88
175.124,36.1
175.148,36.0
175.149,35.07
175.173,35.12
175.174,34.04
175.198,36.88
175.199,36.1
175.223,38.92
175.224,38.16
175.248,41.27
175.249,40.91
175.273,41.27
175.274,40.22
175.298,39.51
175.299,38.16
175.323,37.75
175.324,37.13
175.348,38.05
175.349,37.13
175.373,39.8
175.374,38.51
175.398,40.68
175.399,39.54
175.423,42.14
175.424,41.26
175.448,43.02
175.449,42.63
175.473,44.19
175.474,42.97
175.498,43.02
175.499,42.29
175.523,42.44
175.524,41.6
175.548,41.27
175.549,40.22
175.573,40.39
175.574,39.88
175.598,41.27
175.599,40.57
175.623,41.27
175.624,40.91
175.648,40.97
175.649,40.22
175.673,40.09
175.674,38.51
175.698,37.75
175.699,36.79
175.723,36.58
175.724,35.07
175.748,34.53
175.749,33.0
175.773,30.73
175.774,31.97
175.798,32.19
175.799,30.94
175.823,32.49
175.824,31.63
175.848,33.07
175.849,31.97
175.873,33.66
175.874,33.0
175.898,33.95
175.899,33.0
175.923,36.0
175.924,35.07
175.948,36.88
175.949,36.1
175.973,36.0
175.974,34.72
175.998,30.14
175.999,28.88
176.007,28.39
176.01,29.57
176.032,33.95
176.035,33.35
176.057,35.41
176.06,34.38
176.082,36.0
176.085,35.07
176.107,36.0
176.11,35.75
176.132,37.46
176.135,36.44
176.157,38.34
176.16,37.13
176.182,39.51
176.185,38.51
176.207,39.8
176.21,38.85
176.232,38.92
176.235,38.16
176.257,39.8
176.26,38.85
176.282,39.22
176.285,38.51
176.307,39.51
176.31,39.19
176.332,44.78
176.335,46.41
176.357,52.68
176.36,50.19
176.382,47.41
176.385,45.72
176.407,45.95
176.41,44.35
176.432,44.48
176.435,43.32
176.457,43.9
176.46,41.94
176.482,42.44
176.485,41.26
176.507,41.85
176.51,40.91
176.532,40.97
176.535,40.22
176.557,40.97
176.56,39.88
176.582,39.51
176.585,38.51
176.607,39.8
176.61,39.19
176.632,40.39
176.635,38.51
176.657,33.66
176.66,28.88
176.682,14.05
176.7,19.02
176.725,33.35
176.75,36.79
176.775,38.05
176.8,38.92
176.825,40.22
176.85,40.39
176.875,39.8
176.9,38.63
176.925,38.34
176.95,36.79
176.975,37.46
177.0,38.34
177.025,38.05
177.05,36.88
177.075,37.13
177.1,37.46
177.125,36.1
177.15,35.41
177.175,34.04
177.2,33.66
177.225,34.24
177.25,35.12
177.275,35.75
177.3,37.13
177.325,36.88
177.35,35.75
177.375,36.0
177.4,35.75
177.425,34.38
177.45,35.41
177.475,35.75
177.5,36.29
177.525,36.58
177.55,35.07
177.575,35.12
177.6,34.72
177.625,34.53
177.65,34.04
177.675,34.38
177.7,34.38
177.725,35.07
177.75,35.7
177.775,36.58
177.8,37.46
177.825,37.75
177.85,38.05
177.875,37.47
177.9,38.92
177.925,40.97
177.95,42.14
177.975,42.29
178.0,43.32
178.025,44.01
178.05,44.35
178.075,44.01
178.1,43.9
178.125,44.35
178.15,45.38
178.175,43.32
178.202,40.57
178.224,45.36
178.227,45.72
178.249,47.41
178.252,46.41
178.274,45.66
178.277,44.35
178.299,44.48
178.302,43.32
178.324,42.14
178.327,41.26
178.349,40.97
178.352,39.88
178.374,40.09
178.377,39.19
178.399,40.09
178.402,39.54
178.424,40.39
178.427,40.22
178.449,40.97
178.452,40.91
178.474,41.85
178.477,41.26
178.499,41.85
178.502,40.57
178.524,40.39
178.527,39.54
178.549,38.63
178.552,37.82
178.574,38.05
178.577,37.82
178.599,38.63
178.602,38.16
178.624,40.09
178.627,39.54
178.649,43.9
178.652,42.29
178.674,39.51
178.677,36.79
178.699,28.39
178.702,27.85
178.724,29.56
178.727,29.91
178.749,32.19
178.752,31.97
178.774,33.07
178.777,33.0
178.799,31.02
178.802,32.66
178.824,33.66
178.827,33.69
178.849,34.24
178.852,33.69
178.874,35.12
178.877,34.72
178.899,36.88
178.902,37.13
178.924,39.22
178.927,38.85
178.949,40.68
178.952,40.22
178.974,41.56
178.977,40.91
178.999,42.73
179.002,41.6
179.024,43.02
179.027,42.29
179.049,42.73
179.052,42.29
179.074,43.02
179.077,41.6
179.099,42.14
179.102,41.94
179.124,42.73
179.127,41.26
179.149,41.85
179.152,40.91
179.174,40.68
179.177,40.22
179.199,40.97
179.202,40.22
179.224,41.27
179.227,40.22
179.249,41.27
179.252,40.57
179.274,41.56
179.277,41.26
179.299,39.8
179.302,41.26
179.324,42.44
179.327,41.94
179.349,43.31
179.352,42.63
179.374,43.9
179.377,43.32
179.399,44.78
179.402,44.35
179.424,45.95
179.427,44.69
179.449,46.53
179.452,45.72
179.474,47.41
179.477,46.76
179.499,47.7
179.502,47.1
179.524,48.29
179.527,47.1
179.549,47.41
179.552,46.41
179.574,46.24
179.577,44.69
179.599,43.9
179.602,42.29
179.624,40.97
179.627,39.54
179.649,38.63
179.652,36.1
179.674,34.24
179.677,31.29
179.699,28.39
179.702,26.13
179.718,29.85
179.723,29.91
179.743,32.49
179.748,31.97
179.768,34.24
179.773,33.69
179.793,36.0
179.798,35.41
179.818,38.34
179.823,38.16
179.843,40.39
179.848,40.22
179.868,42.14
179.873,41.6
179.893,41.85
179.898,42.29
179.918,43.02
179.923,41.6
179.943,42.14
179.948,41.26
179.968,43.9
179.973,43.32
179.993,45.36
179.998,44.35
180.018,46.53
180.023,46.41
180.043,48.29
180.048,47.79
180.068,50.34
180.073,49.85
180.093,51.22
180.098,50.54
180.118,49.75
180.123,48.48
180.143,47.41
180.148,44.35
180.168,43.9
180.173,42.29
180.193,40.39
180.198,38.85
180.218,38.63
180.223,37.82
180.243,37.75
180.248,37.13
180.268,37.75
180.273,36.79
180.293,37.46
180.298,36.1
180.318,36.29
180.323,35.07
180.343,33.95
180.348,33.0
180.368,31.61
180.373,29.22
180.393,28.97
180.398,27.85
180.418,28.39
180.423,27.16
180.443,28.1
180.448,26.47
180.468,27.51
180.473,26.82
180.493,27.8
180.498,26.82
180.518,28.39
180.523,27.5
180.543,29.27
180.548,29.22
180.568,31.31
180.573,30.6
180.593,33.36
180.598,32.66
180.618,34.53
180.623,34.04
180.643,35.7
180.648,35.07
180.668,35.41
180.673,34.38
180.693,31.9
180.698,29.91
180.719,33.36
180.725,33.0
180.744,35.7
180.75,35.07
180.769,35.12
180.775,34.04
180.794,34.53
180.8,33.0
180.819,33.36
180.825,32.66
180.844,32.78
180.85,31.97
180.869,31.61
180.875,31.29
180.894,32.19
180.9,31.97
180.919,33.36
180.925,33.0
180.944,34.24
180.95,34.04
180.969,35.41
180.975,34.72
180.994,35.12
181.0,34.38
181.019,35.12
181.025,34.38
181.044,34.24
181.05,33.35
181.069,34.53
181.075,34.04
181.094,35.12
181.1,34.72
181.119,37.75
181.125,37.47
181.144,39.8
181.15,39.19
181.169,40.97
181.175,40.22
181.194,40.97
181.2,40.57
181.219,41.27
181.225,40.22
181.244,40.97
181.25,40.91
181.269,42.14
181.275,42.29
181.294,43.31
181.3,44.01
181.319,44.78
181.325,43.32
181.344,40.39
181.35,36.79
181.369,23.71
181.375,15.81
181.4,18.22
181.425,33.36
181.45,35.12
181.475,35.12
181.5,31.9
181.525,29.85
181.55,29.22
181.575,29.85
181.6,31.02
181.625,31.97
181.65,31.61
181.675,32.19
181.7,31.97
181.725,31.31
181.75,30.94
181.775,31.97
181.8,34.72
181.825,35.75
181.85,36.44
181.875,39.19
181.9,42.29
181.925,42.63
181.95,42.63
181.975,40.57
182.0,38.51
182.025,36.44
182.05,36.88
182.075,36.79
182.1,37.13
182.125,37.75
182.15,39.22
182.175,38.63
182.2,37.75
182.225,35.07
182.25,34.24
182.275,32.66
182.3,33.07
182.325,31.61
182.35,31.9
182.375,32.49
182.4,32.49
182.425,29.57
182.45,28.19
182.475,29.56
182.5,30.25
182.525,31.61
182.55,31.61
182.575,32.19
182.6,32.49
182.625,31.61
182.65,31.9
182.675,31.97
182.7,33.35
182.725,36.0
182.75,36.88
182.775,39.51
182.8,43.02
182.825,44.78
182.85,45.66
182.875,41.27
182.904,38.05
182.905,36.79
182.929,41.56
182.93,41.26
182.954,42.14
182.955,41.94
182.979,41.56
182.98,41.26
183.004,39.22
183.005,38.16
183.029,34.53
183.03,33.35
183.054,34.24
183.055,33.69
183.079,33.36
183.08,32.66
183.104,31.02
183.105,29.91
183.129,28.97
183.13,28.19
183.154,27.8
183.155,27.5
183.179,27.8
183.18,26.82
183.204,29.27
183.205,28.88
183.229,31.61
183.23,30.94
183.254,33.66
183.255,33.0
183.279,35.7
183.28,35.41
183.304,37.17
183.305,36.44
183.329,37.75
183.33,36.79
183.354,37.75
183.355,37.13
183.379,38.63
183.38,38.16
183.404,39.8
183.405,38.85
183.429,41.27
183.43,41.26
183.454,43.61
183.455,42.97
183.479,44.19
183.48,43.32
183.504,43.61
183.505,43.32
183.529,41.56
183.53,41.26
183.554,40.39
183.555,39.19
183.579,38.34
183.58,37.47
183.604,37.46
183.605,36.44
183.629,38.63
183.63,38.16
183.654,40.39
183.655,40.22
183.679,41.56
183.68,40.91
183.704,42.14
183.705,40.91
183.729,42.14
183.73,40.57
183.754,40.39
183.755,39.19
183.779,39.51
183.78,38.51
183.804,37.75
183.805,37.13
183.829,36.0
183.83,35.07
183.854,35.7
183.855,34.38
183.879,33.66
183.88,33.0
183.904,31.9
183.905,30.94
183.929,30.14
183.93,29.57
183.954,28.97
183.955,28.53
183.979,28.68
183.98,27.85
184.004,28.68
184.005,28.53
184.029,29.85
184.03,28.88
184.054,31.61
184.055,30.94
184.079,31.31
184.08,30.94
184.104,30.44
184.105,29.57
184.129,29.85
184.13,29.91
184.154,31.61
184.155,30.94
184.179,33.36
184.18,33.0
184.204,35.12
184.205,34.72
184.229,35.7
184.23,34.04
184.254,35.12
184.255,34.38
184.279,36.0
184.28,36.1
184.304,38.05
184.305,37.13
184.329,40.68
184.33,40.57
184.354,43.9
184.355,43.66
184.379,43.02
184.38,41.94
184.404,38.63
184.423,44.19
184.425,43.32
184.448,46.83
184.45,45.72
184.473,45.95
184.475,45.04
184.498,43.61
184.5,43.32
184.523,42.73
184.525,42.29
184.548,42.14
184.55,42.29
184.573,43.02
184.575,42.29
184.598,41.27
184.6,41.26
184.623,40.97
184.625,40.22
184.648,40.09
184.65,39.54
184.673,40.39
184.675,39.54
184.698,40.68
184.7,39.88
184.723,41.27
184.725,40.57
184.748,41.56
184.75,40.91
184.773,40.97
184.775,40.22
184.798,40.97
184.8,39.19
184.823,39.51
184.825,38.51
184.848,38.63
184.85,37.47
184.873,37.75
184.875,36.1
184.898,36.0
184.9,35.07
184.923,33.95
184.925,33.35
184.948,32.78
184.95,31.97
184.973,32.49
184.975,31.97
184.998,32.49
185.0,31.63
185.023,33.07
185.025,31.97
185.048,33.36
185.05,32.32
185.073,33.36
185.075,32.32
185.098,33.66
185.1,32.66
185.123,34.24
185.125,33.35
185.148,34.53
185.15,33.69
185.173,34.24
185.175,33.69
185.198,34.24
185.2,33.69
185.223,34.53
185.225,34.04
185.248,35.12
185.25,34.38
185.273,35.7
185.275,35.07
185.298,36.88
185.3,36.1
185.323,38.34
185.325,38.16
185.348,38.92
185.35,38.16
185.373,37.46
185.375,36.44
185.398,31.31
185.4,29.57
185.409,32.49
185.411,31.97
185.434,38.34
185.436,37.47
185.459,39.51
185.461,38.16
185.484,38.63
185.486,37.82
185.509,37.75
185.511,37.13
185.534,37.75
185.536,36.79
185.559,36.88
185.561,37.13
185.584,35.7
185.586,35.07
185.609,33.66
185.611,33.35
185.634,32.78
185.636,32.32
185.659,32.78
185.661,32.66
185.684,33.95
185.686,33.69
185.709,34.53
185.711,34.04
185.734,35.7
185.736,34.72
185.759,36.0
185.761,35.41
185.784,36.0
185.786,34.72
185.809,35.7
185.811,35.07
185.834,36.0
185.836,35.07
185.859,36.58
185.861,35.75
185.884,36.58
185.886,36.1
185.909,36.58
185.911,35.75
185.934,36.0
185.936,35.75
185.959,36.0
185.961,35.75
185.984,36.58
185.986,36.1
186.009,35.41
186.011,35.41
186.034,34.24
186.036,33.69
186.059,30.14
186.061,28.88
186.084,17.27
186.086,14.1
186.1,16.5
186.125,29.57
186.15,33.35
186.175,35.41
186.2,35.12
186.225,34.04
186.25,34.53
186.275,34.72
186.3,35.12
186.325,35.12
186.35,34.38
186.375,35.12
186.4,35.12
186.425,35.12
186.45,34.04
186.475,35.07
186.5,36.88
186.525,36.29
186.55,34.04
186.575,34.24
186.6,35.7
186.625,36.58
186.65,37.17
186.675,38.05
186.7,38.51
186.725,41.27
186.75,41.27
186.775,40.91
186.8,43.61
186.825,44.48
186.85,42.29
186.875,42.73
186.9,43.32
186.925,43.32
186.95,42.97
186.975,42.44
187.0,39.54
187.025,38.85
187.05,39.8
187.075,38.16
187.1,38.16
187.125,39.19
187.15,40.39
187.175,40.57
187.2,41.85
187.225,42.44
187.25,43.02
187.275,41.94
187.3,42.14
187.325,39.54
187.35,39.19
187.375,37.13
187.4,36.1
187.425,36.58
187.45,35.75
187.475,36.88
187.5,37.46
187.525,37.13
187.55,37.75
187.575,36.0
187.6,30.73
187.602,30.25
187.621,36.88
187.627,37.47
187.646,41.27
187.652,40.57
187.671,43.02
187.677,42.29
187.696,42.73
187.702,42.29
187.721,41.85
187.727,41.26
187.746,43.9
187.752,43.66
187.771,46.24
187.777,45.04
187.796,46.53
187.802,44.69
187.821,45.07
187.827,44.01
187.846,43.61
187.852,42.29
187.871,42.44
187.877,41.26
187.896,41.85
187.902,40.57
187.921,41.85
187.927,40.22
187.946,41.27
187.952,39.54
187.971,39.51
187.977,38.16
187.996,38.63
188.002,36.79
188.021,37.75
188.027,36.44
188.046,36.88
188.052,35.75
188.071,36.88
188.077,35.75
188.096,37.46
188.102,36.1
188.121,37.46
188.127,36.1
188.146,37.75
188.152,36.1
188.171,38.05
188.177,37.13
188.196,38.34
188.202,36.79
188.221,38.05
188.227,36.44
188.246,38.63
188.252,37.47
188.271,38.92
188.277,38.16
188.296,39.8
188.302,39.19
188.321,41.27
188.327,40.57
188.346,43.02
188.352,42.29
188.371,44.48
188.377,43.32
188.396,45.95
188.402,45.38
188.421,48.58
188.427,48.48
188.446,51.22
188.452,49.85
188.471,50.92
188.477,49.16
188.496,49.75
188.502,48.48
188.521,48.58
188.527,47.1
188.546,46.53
188.552,45.38
188.571,45.07
188.577,43.32
188.596,44.48
188.602,43.32
188.621,43.9
188.627,43.32
188.646,43.31
188.652,40.91
188.671,40.97
188.677,39.19
188.696,41.56
188.702,40.22
188.721,42.44
188.727,40.91
188.746,42.14
188.752,40.22
188.771,41.27
188.777,39.54
188.796,40.39
188.802,38.51
188.821,40.09
188.827,39.19
188.846,40.39
188.852,39.19
188.871,41.27
188.877,39.88
188.896,41.56
188.902,40.57
188.921,42.14
188.927,40.57
188.946,42.14
188.952,40.22
188.971,40.97
188.977,39.54
188.996,40.39
189.002,39.19
189.021,40.68
189.027,39.54
189.046,40.39
189.052,39.19
189.071,38.34
189.077,35.41
189.096,32.49
189.102,30.25
189.114,33.36
189.121,34.38
189.139,36.88
189.146,36.1
189.164,37.46
189.171,36.1
189.189,37.46
189.196,36.1
189.214,37.17
189.221,36.1
189.239,36.88
189.246,36.1
189.264,37.75
189.271,36.79
189.289,38.34
189.296,37.13
189.314,38.63
189.321,37.82
189.339,38.63
189.346,37.82
189.364,38.05
189.371,36.79
189.389,37.46
189.396,36.44
189.414,37.75
189.421,36.1
189.439,37.46
189.446,36.1
189.464,36.88
189.471,35.41
189.489,36.58
189.496,35.07
189.514,36.58
189.521,35.41
189.539,37.17
189.546,35.75
189.564,37.17
189.571,35.41
